16,'0100389802',0,'TERMINE',1341.890,1930.000,'M1500PS191ECTPA',0,23,16,638.616,0.000,1930.000,1.000,0.000,0,0,0'
16,'0100389802',0,'TERMINE',1341.890,1930.000,'M1500PS191ECTPA',0,28,16,648.471,1803.983,0.576,0.672,22.000,69187,69187,0'
16,'0100389802',0,'TERMINE',1341.890,1930.000,'M1500PS191ECTPA',0,23,16,651.253,0.000,1930.000,1.000,0.000,0,0,0'
16,'0100389802',0,'TERMINE',1341.890,1930.000,'M1500PS191ECTPA',0,28,16,651.326,52.195,0.576,1.152,35.000,69189,69189,0'
16,'0100389802',0,'TERMINE',1341.890,1930.000,'M1500PS191ECTPA',0,28,16,651.970,260.384,0.768,0.864,46.000,69190,69190,0'
16,'0100389802',0,'TERMINE',1341.890,1930.000,'M1500PS191ECTPA',0,33,16,651.958,0.000,1930.000,1.000,0.000,0,0,0'
16,'0100389802',0,'TERMINE',1341.890,1930.000,'M1500PS191ECTPA',0,28,16,652.840,50.659,0.672,1.152,25.000,69192,69192,0'
16,'0100389802',0,'TERMINE',1341.890,1930.000,'M1500PS191ECTPA',0,31,16,653.968,51.715,0.672,2.017,61.000,69193,69193,0'
16,'0100389802',0,'TERMINE',1341.890,1930.000,'M1500PS191ECTPA',0,30,16,658.331,1610.815,5.570,0.288,63.000,69194,69194,0'
16,'0100389802',0,'TERMINE',1341.890,1930.000,'M1500PS191ECTPA',0,28,16,659.172,1081.238,0.672,0.672,30.000,69195,69195,0'
16,'0100389802',0,'TERMINE',1341.890,1930.000,'M1500PS191ECTPA',0,29,16,660.705,705.305,1.152,2.113,136.000,69196,69196,0'
16,'0100389802',0,'TERMINE',1341.890,1930.000,'M1500PS191ECTPA',0,31,16,661.025,51.619,0.576,1.536,22.000,69197,69197,0'
16,'0100389802',0,'TERMINE',1341.890,1930.000,'M1500PS191ECTPA',0,28,16,662.991,80.427,0.960,1.056,46.000,69198,69198,0'
16,'0100389802',0,'TERMINE',1341.890,1930.000,'M1500PS191ECTPA',0,28,16,663.977,235.897,0.864,0.672,36.000,69199,69199,0'
16,'0100389802',0,'TERMINE',1341.890,1930.000,'M1500PS191ECTPA',0,31,16,666.210,51.811,0.576,1.632,34.000,69200,69200,0'
16,'0100389802',0,'TERMINE',1341.890,1930.000,'M1500PS191ECTPA',0,31,16,666.225,51.811,0.672,1.632,28.000,69201,69201,0'
16,'0100389802',0,'TERMINE',1341.890,1930.000,'M1500PS191ECTPA',0,23,16,669.348,0.000,1930.000,1.000,0.000,0,0,0'
16,'0100389802',0,'TERMINE',1341.890,1930.000,'M1500PS191ECTPA',0,23,16,670.548,0.000,1930.000,1.000,0.000,0,0,0'
16,'0100389802',0,'TERMINE',1341.890,1930.000,'M1500PS191ECTPA',0,29,16,671.068,184.619,3.745,1.825,178.000,69204,69204,0'
16,'0100389802',0,'TERMINE',1341.890,1930.000,'M1500PS191ECTPA',0,29,16,671.084,192.685,1.921,1.825,37.000,69205,69205,0'
16,'0100389802',0,'TERMINE',1341.890,1930.000,'M1500PS191ECTPA',0,30,16,672.147,1686.291,2.689,0.288,21.000,69206,69206,0'
16,'0100389802',0,'TERMINE',1341.890,1930.000,'M1500PS191ECTPA',0,23,16,672.994,0.000,1930.000,1.000,0.000,0,0,0'
16,'0100389802',0,'TERMINE',1341.890,1930.000,'M1500PS191ECTPA',0,23,16,673.226,0.000,1930.000,1.000,0.000,0,0,0'
16,'0100389802',0,'TERMINE',1341.890,1930.000,'M1500PS191ECTPA',0,30,16,674.838,181.162,4.225,0.480,26.000,69209,69209,0'
16,'0100389802',0,'TERMINE',1341.890,1930.000,'M1500PS191ECTPA',0,28,16,678.482,1773.772,0.960,0.480,24.000,69210,69210,0'
16,'0100389802',0,'TERMINE',1341.890,1930.000,'M1500PS191ECTPA',0,31,16,682.179,51.523,0.672,1.728,26.000,69211,69211,0'
16,'0100389802',0,'TERMINE',1341.890,1930.000,'M1500PS191ECTPA',0,28,16,683.293,51.523,0.960,1.152,30.000,69212,69212,0'
16,'0100389802',0,'TERMINE',1341.890,1930.000,'M1500PS191ECTPA',0,28,16,684.294,1616.096,0.768,0.576,25.000,69213,69213,0'
16,'0100389802',0,'TERMINE',1341.890,1930.000,'M1500PS191ECTPA',0,23,16,689.972,0.000,1930.000,1.000,0.000,0,0,0'
16,'0100389802',0,'TERMINE',1341.890,1930.000,'M1500PS191ECTPA',0,28,16,690.123,1259.060,0.576,0.768,24.000,69215,69215,0'
16,'0100389802',0,'TERMINE',1341.890,1930.000,'M1500PS191ECTPA',0,23,16,690.555,0.000,1930.000,1.000,0.000,0,0,0'
16,'0100389802',0,'TERMINE',1341.890,1930.000,'M1500PS191ECTPA',0,28,16,692.911,304.652,0.960,0.864,41.000,69217,69217,0'
16,'0100389802',0,'TERMINE',1341.890,1930.000,'M1500PS191ECTPA',0,28,16,692.911,304.268,0.768,0.768,33.000,69218,69218,0'
16,'0100389802',0,'TERMINE',1341.890,1930.000,'M1500PS191ECTPA',0,29,16,693.461,277.477,4.609,4.129,1263.000,69219,69219,0'
16,'0100389802',0,'TERMINE',1341.890,1930.000,'M1500PS191ECTPA',0,28,16,693.850,1237.166,0.672,0.576,23.000,69220,69220,0'
16,'0100389802',0,'TERMINE',1341.890,1930.000,'M1500PS191ECTPA',0,23,16,693.974,0.000,1930.000,1.000,0.000,0,0,0'
16,'0100389802',0,'TERMINE',1341.890,1930.000,'M1500PS191ECTPA',0,30,16,698.467,40.000,3.169,0.288,63.000,69222,69222,0'
16,'0100389802',0,'TERMINE',1341.890,1930.000,'M1500PS191ECTPA',0,31,16,698.676,51.235,0.864,1.344,45.000,69223,69223,0'
16,'0100389802',0,'TERMINE',1341.890,1930.000,'M1500PS191ECTPA',0,28,16,698.692,51.331,0.672,1.248,35.000,69224,69224,0'
16,'0100389802',0,'TERMINE',1341.890,1930.000,'M1500PS191ECTPA',0,28,16,699.594,107.026,0.864,1.152,24.000,69225,69225,0'
16,'0100389802',0,'TERMINE',1341.890,1930.000,'M1500PS191ECTPA',0,23,16,716.118,0.000,1930.000,1.000,0.000,0,0,0'
16,'0100389802',0,'TERMINE',1341.890,1930.000,'M1500PS191ECTPA',0,31,16,721.207,1347.020,0.672,2.209,89.000,69227,69227,0'
16,'0100389802',0,'TERMINE',1341.890,1930.000,'M1500PS191ECTPA',0,31,16,721.207,1347.020,0.384,2.209,50.000,69228,69228,0'
16,'0100389802',0,'TERMINE',1341.890,1930.000,'M1500PS191ECTPA',0,31,16,721.207,1357.228,0.768,2.113,92.000,69229,69229,0'
16,'0100389802',0,'TERMINE',1341.890,1930.000,'M1500PS191ECTPA',0,31,16,721.207,1357.421,0.576,2.401,58.000,69230,69230,0'
16,'0100389802',0,'TERMINE',1341.890,1930.000,'M1500PS191ECTPA',0,23,16,721.197,0.000,1930.000,1.000,0.000,0,0,0'
16,'0100389802',0,'TERMINE',1341.890,1930.000,'M1500PS191ECTPA',0,28,16,723.584,358.000,1.248,0.672,30.000,69232,69232,0'
16,'0100389802',0,'TERMINE',1341.890,1930.000,'M1500PS191ECTPA',0,29,16,733.784,1364.689,2.881,1.248,174.000,69233,69233,0'
16,'0100389802',0,'TERMINE',1341.890,1930.000,'M1500PS191ECTPA',0,29,16,733.784,1374.993,2.497,1.248,153.000,69234,69234,0'
16,'0100389802',0,'TERMINE',1341.890,1930.000,'M1500PS191ECTPA',0,23,16,733.773,0.000,1930.000,1.000,0.000,0,0,0'
16,'0100389802',0,'TERMINE',1341.890,1930.000,'M1500PS191ECTPA',0,28,16,734.851,126.616,0.672,1.056,39.000,69236,69236,0'
16,'0100389802',0,'TERMINE',1341.890,1930.000,'M1500PS191ECTPA',0,28,16,734.867,126.712,0.576,0.864,22.000,69237,69237,0'
16,'0100389802',0,'TERMINE',1341.890,1930.000,'M1500PS191ECTPA',0,28,16,740.821,1793.709,1.056,0.768,44.000,69238,69238,0'
16,'0100389802',0,'TERMINE',1341.890,1930.000,'M1500PS191ECTPA',0,31,16,740.949,1858.430,0.960,2.305,98.000,69239,69239,0'
16,'0100389802',0,'TERMINE',1341.890,1930.000,'M1500PS191ECTPA',0,31,16,740.949,1858.623,0.768,2.305,79.000,69240,69240,0'
16,'0100389802',0,'TERMINE',1341.890,1930.000,'M1500PS191ECTPA',0,31,16,742.558,1906.732,1.056,1.728,72.000,69241,69241,0'
16,'0100389802',0,'TERMINE',1341.890,1930.000,'M1500PS191ECTPA',0,23,16,750.262,0.000,1930.000,1.000,0.000,0,0,0'
16,'0100389802',0,'TERMINE',1341.890,1930.000,'M1500PS191ECTPA',0,30,16,751.454,1362.960,1.344,0.384,34.000,69243,69243,0'
16,'0100389802',0,'TERMINE',1341.890,1930.000,'M1500PS191ECTPA',0,28,16,751.713,396.507,0.768,0.672,28.000,69244,69244,0'
16,'0100389802',0,'TERMINE',1341.890,1930.000,'M1500PS191ECTPA',0,28,16,751.729,396.411,0.768,0.576,21.000,69245,69245,0'
16,'0100389802',0,'TERMINE',1341.890,1930.000,'M1500PS191ECTPA',0,27,16,751.892,108.275,1.248,0.480,27.000,69246,69246,0'
16,'0100389802',0,'TERMINE',1341.890,1930.000,'M1500PS191ECTPA',0,30,16,751.892,120.470,2.305,0.288,20.000,69247,69247,0'
16,'0100389802',0,'TERMINE',1341.890,1930.000,'M1500PS191ECTPA',0,29,16,751.908,74.666,1.536,1.632,42.000,69248,69248,0'
16,'0100389802',0,'TERMINE',1341.890,1930.000,'M1500PS191ECTPA',0,28,16,753.247,1912.205,0.672,1.152,28.000,69249,69249,0'
16,'0100389802',0,'TERMINE',1341.890,1930.000,'M1500PS191ECTPA',0,31,16,757.188,1250.225,0.960,1.632,48.000,69250,69250,0'
16,'0100389802',0,'TERMINE',1341.890,1930.000,'M1500PS191ECTPA',0,29,16,765.665,1907.308,1.921,2.401,118.000,69251,69251,0'
16,'0100389802',0,'TERMINE',1341.890,1930.000,'M1500PS191ECTPA',0,29,16,765.665,1907.884,1.344,1.152,40.000,69252,69252,0'
16,'0100389802',0,'TERMINE',1341.890,1930.000,'M1500PS191ECTPA',0,29,16,765.777,647.401,1.344,7.682,482.000,69253,69253,0'
16,'0100389802',0,'TERMINE',1341.890,1930.000,'M1500PS191ECTPA',0,23,16,766.474,0.000,1930.000,1.000,0.000,0,0,0'
16,'0100389802',0,'TERMINE',1341.890,1930.000,'M1500PS191ECTPA',0,28,16,770.382,1702.616,0.576,0.768,27.000,69255,69255,0'
16,'0100389802',0,'TERMINE',1341.890,1930.000,'M1500PS191ECTPA',0,23,16,771.821,0.000,1930.000,1.000,0.000,0,0,0'
16,'0100389802',0,'TERMINE',1341.890,1930.000,'M1500PS191ECTPA',0,31,16,772.385,1880.805,0.768,1.536,42.000,69257,69257,0'
16,'0100389802',0,'TERMINE',1341.890,1930.000,'M1500PS191ECTPA',0,23,16,773.912,0.000,1930.000,1.000,0.000,0,0,0'
16,'0100389802',0,'TERMINE',1341.890,1930.000,'M1500PS191ECTPA',0,31,16,775.614,112.788,0.960,2.881,168.000,69259,69259,0'
16,'0100389802',0,'TERMINE',1341.890,1930.000,'M1500PS191ECTPA',0,31,16,775.630,112.980,0.864,2.785,124.000,69260,69260,0'
16,'0100389802',0,'TERMINE',1341.890,1930.000,'M1500PS191ECTPA',0,28,16,778.859,1912.013,0.672,0.960,33.000,69261,69261,0'
16,'0100389802',0,'TERMINE',1341.890,1930.000,'M1500PS191ECTPA',0,31,16,779.565,1907.500,1.056,1.632,78.000,69262,69262,0'
16,'0100389802',0,'TERMINE',1341.890,1930.000,'M1500PS191ECTPA',0,23,16,780.877,0.000,1930.000,1.000,0.000,0,0,0'
16,'0100389802',0,'TERMINE',1341.890,1930.000,'M1500PS191ECTPA',0,28,16,787.238,1749.189,0.960,0.672,34.000,69264,69264,0'
16,'0100389802',0,'TERMINE',1341.890,1930.000,'M1500PS191ECTPA',0,28,16,787.238,1756.354,0.864,0.864,36.000,69265,69265,0'
16,'0100389802',0,'TERMINE',1341.890,1930.000,'M1500PS191ECTPA',0,23,16,787.229,0.000,1930.000,1.000,0.000,0,0,0'
16,'0100389802',0,'TERMINE',1341.890,1930.000,'M1500PS191ECTPA',0,30,16,796.444,359.099,2.497,0.864,85.000,69267,69267,0'
16,'0100389802',0,'TERMINE',1341.890,1930.000,'M1500PS191ECTPA',0,30,16,796.459,359.772,1.440,0.672,42.000,69268,69268,0'
16,'0100389802',0,'TERMINE',1341.890,1930.000,'M1500PS191ECTPA',0,28,16,796.459,372.404,1.056,0.576,30.000,69269,69269,0'
16,'0100389802',0,'TERMINE',1341.890,1930.000,'M1500PS191ECTPA',0,28,16,799.826,175.205,0.864,0.768,34.000,69270,69270,0'
16,'0100389802',0,'TERMINE',1341.890,1930.000,'M1500PS191ECTPA',0,30,16,799.826,182.507,1.440,0.864,60.000,69271,69271,0'
16,'0100389802',0,'TERMINE',1341.890,1930.000,'M1500PS191ECTPA',0,31,16,800.763,555.046,0.480,2.113,34.000,69272,69272,0'
16,'0100389802',0,'TERMINE',1341.890,1930.000,'M1500PS191ECTPA',0,31,16,800.763,566.546,0.576,2.401,63.000,69273,69273,0'
16,'0100389802',0,'TERMINE',1341.890,1930.000,'M1500PS191ECTPA',0,23,16,800.753,0.000,1930.000,1.000,0.000,0,0,0'
16,'0100389802',0,'TERMINE',1341.890,1930.000,'M1500PS191ECTPA',0,23,16,808.613,0.000,1930.000,1.000,0.000,0,0,0'
16,'0100389802',0,'TERMINE',1341.890,1930.000,'M1500PS191ECTPA',0,29,16,808.797,502.136,1.632,1.344,61.000,69276,69276,0'
16,'0100389802',0,'TERMINE',1341.890,1930.000,'M1500PS191ECTPA',0,28,16,808.814,1495.795,0.864,1.152,22.000,69277,69277,0'
16,'0100389802',0,'TERMINE',1341.890,1930.000,'M1500PS191ECTPA',0,30,16,808.814,1561.073,1.344,0.672,23.000,69278,69278,0'
16,'0100389802',0,'TERMINE',1341.890,1930.000,'M1500PS191ECTPA',0,30,16,811.100,1612.639,1.536,0.768,34.000,69279,69279,0'
16,'0100389802',0,'TERMINE',1341.890,1930.000,'M1500PS191ECTPA',0,30,16,812.085,695.702,4.993,0.960,214.000,69280,69280,0'
16,'0100389802',0,'TERMINE',1341.890,1930.000,'M1500PS191ECTPA',0,30,16,816.418,884.914,5.762,0.960,230.000,69281,69281,0'
16,'0100389802',0,'TERMINE',1341.890,1930.000,'M1500PS191ECTPA',0,30,16,816.434,885.106,4.321,0.672,184.000,69282,69282,0'
16,'0100389802',0,'TERMINE',1341.890,1930.000,'M1500PS191ECTPA',0,30,16,829.582,1111.199,2.689,0.576,72.000,69283,69283,0'
16,'0100389802',0,'TERMINE',1341.890,1930.000,'M1500PS191ECTPA',0,28,16,829.598,1111.583,1.056,0.672,29.000,69284,69284,0'
16,'0100389802',0,'TERMINE',1341.890,1930.000,'M1500PS191ECTPA',0,30,16,833.149,444.136,2.785,0.384,33.000,69285,69285,0'
16,'0100389802',0,'TERMINE',1341.890,1930.000,'M1500PS191ECTPA',0,28,16,837.293,52.483,0.672,0.768,34.000,69286,69286,0'
16,'0100389802',0,'TERMINE',1341.890,1930.000,'M1500PS191ECTPA',0,23,16,844.935,0.000,1930.000,1.000,0.000,0,0,0'
16,'0100389802',0,'TERMINE',1341.890,1930.000,'M1500PS191ECTPA',0,31,16,845.839,1600.924,0.864,2.881,148.000,69288,69288,0'
16,'0100389802',0,'TERMINE',1341.890,1930.000,'M1500PS191ECTPA',0,29,16,846.440,446.152,1.825,2.017,204.000,69289,69289,0'
16,'0100389802',0,'TERMINE',1341.890,1930.000,'M1500PS191ECTPA',0,29,16,846.456,446.248,1.632,1.921,166.000,69290,69290,0'
16,'0100389802',0,'TERMINE',1341.890,1930.000,'M1500PS191ECTPA',0,28,16,846.699,1508.854,0.864,0.864,43.000,69291,69291,0'
16,'0100389802',0,'TERMINE',1341.890,1930.000,'M1500PS191ECTPA',0,30,16,848.370,1896.553,2.401,0.576,50.000,69292,69292,0'
16,'0100389802',0,'TERMINE',1341.890,1930.000,'M1500PS191ECTPA',0,30,16,849.240,308.397,2.305,0.480,56.000,69293,69293,0'
16,'0100389802',0,'TERMINE',1341.890,1930.000,'M1500PS191ECTPA',0,31,16,849.808,175.205,0.864,1.921,120.000,69294,69294,0'
16,'0100389802',0,'TERMINE',1341.890,1930.000,'M1500PS191ECTPA',0,30,16,853.327,1305.440,3.553,0.960,158.000,69295,69295,0'
16,'0100389802',0,'TERMINE',1341.890,1930.000,'M1500PS191ECTPA',0,30,16,859.729,1343.275,2.209,0.768,98.000,69296,69296,0'
16,'0100389802',0,'TERMINE',1341.890,1930.000,'M1500PS191ECTPA',0,30,16,859.729,1343.371,1.536,0.576,50.000,69297,69297,0'
16,'0100389802',0,'TERMINE',1341.890,1930.000,'M1500PS191ECTPA',0,30,16,859.729,1353.483,1.632,0.576,58.000,69298,69298,0'
16,'0100389802',0,'TERMINE',1341.890,1930.000,'M1500PS191ECTPA',0,23,16,859.721,0.000,1930.000,1.000,0.000,0,0,0'
16,'0100389802',0,'TERMINE',1341.890,1930.000,'M1500PS191ECTPA',0,30,16,860.490,1866.113,1.921,0.672,73.000,69300,69300,0'
16,'0100389802',0,'TERMINE',1341.890,1930.000,'M1500PS191ECTPA',0,28,16,863.617,1231.500,0.672,0.672,24.000,69301,69301,0'
16,'0100389802',0,'TERMINE',1341.890,1930.000,'M1500PS191ECTPA',0,30,16,863.727,627.139,2.689,0.864,143.000,69302,69302,0'
16,'0100389802',0,'TERMINE',1341.890,1930.000,'M1500PS191ECTPA',0,28,16,863.727,628.868,1.248,0.864,82.000,69303,69303,0'
16,'0100389802',0,'TERMINE',1341.890,1930.000,'M1500PS191ECTPA',0,23,16,864.216,0.000,1930.000,1.000,0.000,0,0,0'
16,'0100389802',0,'TERMINE',1341.890,1930.000,'M1500PS191ECTPA',0,23,16,865.571,0.000,1930.000,1.000,0.000,0,0,0'
16,'0100389802',0,'TERMINE',1341.890,1930.000,'M1500PS191ECTPA',0,31,16,865.646,1529.020,0.960,4.705,204.000,69306,69306,0'
16,'0100389802',0,'TERMINE',1341.890,1930.000,'M1500PS191ECTPA',0,30,16,865.824,1404.377,4.513,0.480,101.000,69307,69307,0'
16,'0100389802',0,'TERMINE',1341.890,1930.000,'M1500PS191ECTPA',0,23,16,867.262,0.000,1930.000,1.000,0.000,0,0,0'
16,'0100389802',0,'TERMINE',1341.890,1930.000,'M1500PS191ECTPA',0,28,16,871.118,1560.977,0.576,0.960,27.000,69309,69309,0'
16,'0100389802',0,'TERMINE',1341.890,1930.000,'M1500PS191ECTPA',0,28,16,871.118,1550.626,0.576,0.672,22.000,69310,69310,0'
16,'0100389802',0,'TERMINE',1341.890,1930.000,'M1500PS191ECTPA',0,28,16,873.161,564.841,0.960,0.480,22.000,69311,69311,0'
16,'0100389802',0,'TERMINE',1341.890,1930.000,'M1500PS191ECTPA',0,28,16,878.665,1870.146,0.576,0.768,24.000,69312,69312,0'
16,'0100389802',0,'TERMINE',1341.890,1930.000,'M1500PS191ECTPA',0,29,16,887.875,1906.348,3.265,2.689,68.000,69313,69313,0'
16,'0100389802',0,'TERMINE',1341.890,1930.000,'M1500PS191ECTPA',0,23,16,894.738,0.000,1930.000,1.000,0.000,0,0,0'
16,'0100389802',0,'TERMINE',1341.890,1930.000,'M1500PS191ECTPA',0,28,16,895.492,180.970,0.672,0.480,22.000,69315,69315,0'
16,'0100389802',0,'TERMINE',1341.890,1930.000,'M1500PS191ECTPA',0,28,16,895.508,173.765,0.768,0.672,20.000,69316,69316,0'
16,'0100389802',0,'TERMINE',1341.890,1930.000,'M1500PS191ECTPA',0,29,16,896.411,204.497,3.169,2.593,316.000,69317,69317,0'
16,'0100389802',0,'TERMINE',1341.890,1930.000,'M1500PS191ECTPA',0,30,16,896.411,207.281,1.344,0.672,29.000,69318,69318,0'
16,'0100389802',0,'TERMINE',1341.890,1930.000,'M1500PS191ECTPA',0,29,16,896.411,208.722,2.305,1.825,26.000,69319,69319,0'
16,'0100389802',0,'TERMINE',1341.890,1930.000,'M1500PS191ECTPA',0,29,16,896.427,213.043,1.728,2.401,108.000,69320,69320,0'
16,'0100389802',0,'TERMINE',1341.890,1930.000,'M1500PS191ECTPA',0,23,16,898.265,0.000,1930.000,1.000,0.000,0,0,0'
16,'0100389802',0,'TERMINE',1341.890,1930.000,'M1500PS191ECTPA',0,28,16,902.441,285.351,0.768,1.056,24.000,69322,69322,0'
16,'0100389802',0,'TERMINE',1341.890,1930.000,'M1500PS191ECTPA',0,29,16,905.231,719.228,2.209,1.248,180.000,69323,69323,0'
16,'0100389802',0,'TERMINE',1341.890,1930.000,'M1500PS191ECTPA',0,31,16,905.815,1251.281,0.672,1.632,47.000,69324,69324,0'
16,'0100389802',0,'TERMINE',1341.890,1930.000,'M1500PS191ECTPA',0,31,16,905.815,1251.474,0.480,2.017,40.000,69325,69325,0'
16,'0100389802',0,'TERMINE',1341.890,1930.000,'M1500PS191ECTPA',0,23,16,908.690,0.000,1930.000,1.000,0.000,0,0,0'
16,'0100389802',0,'TERMINE',1341.890,1930.000,'M1500PS191ECTPA',0,23,16,909.703,0.000,1930.000,1.000,0.000,0,0,0'
16,'0100389802',0,'TERMINE',1341.890,1930.000,'M1500PS191ECTPA',0,30,16,911.961,1227.371,5.666,0.288,68.000,69328,69328,0'
16,'0100389802',0,'TERMINE',1341.890,1930.000,'M1500PS191ECTPA',0,29,16,912.754,1512.023,1.440,1.632,116.000,69329,69329,0'
16,'0100389802',0,'TERMINE',1341.890,1930.000,'M1500PS191ECTPA',0,29,16,912.852,586.616,1.728,1.536,100.000,69330,69330,0'
16,'0100389802',0,'TERMINE',1341.890,1930.000,'M1500PS191ECTPA',0,28,16,912.852,587.192,1.152,0.768,54.000,69331,69331,0'
16,'0100389802',0,'TERMINE',1341.890,1930.000,'M1500PS191ECTPA',0,29,16,912.852,574.252,1.728,2.017,162.000,69332,69332,0'
16,'0100389802',0,'TERMINE',1341.890,1930.000,'M1500PS191ECTPA',0,30,16,915.944,1023.334,5.762,0.288,118.000,69333,69333,0'
16,'0100389802',0,'TERMINE',1341.890,1930.000,'M1500PS191ECTPA',0,31,16,916.137,816.447,1.056,1.632,38.000,69334,69334,0'
16,'0100389802',0,'TERMINE',1341.890,1930.000,'M1500PS191ECTPA',0,23,16,920.089,0.000,1930.000,1.000,0.000,0,0,0'
16,'0100389802',0,'TERMINE',1341.890,1930.000,'M1500PS191ECTPA',0,29,16,921.505,40.288,2.017,3.553,52.000,69336,69336,0'
16,'0100389802',0,'TERMINE',1341.890,1930.000,'M1500PS191ECTPA',0,28,16,923.495,131.129,0.864,1.152,66.000,69337,69337,0'
16,'0100389802',0,'TERMINE',1341.890,1930.000,'M1500PS191ECTPA',0,28,16,923.495,131.417,0.480,1.152,38.000,69338,69338,0'
16,'0100389802',0,'TERMINE',1341.890,1930.000,'M1500PS191ECTPA',0,29,16,923.867,1857.854,1.728,1.440,109.000,69339,69339,0'
16,'0100389802',0,'TERMINE',1341.890,1930.000,'M1500PS191ECTPA',0,29,16,923.867,1858.623,1.440,1.825,118.000,69340,69340,0'
16,'0100389802',0,'TERMINE',1341.890,1930.000,'M1500PS191ECTPA',0,29,16,923.882,1858.334,1.248,1.536,64.000,69341,69341,0'
16,'0100389802',0,'TERMINE',1341.890,1930.000,'M1500PS191ECTPA',0,29,16,923.882,1858.623,1.440,1.728,110.000,69342,69342,0'
16,'0100389802',0,'TERMINE',1341.890,1930.000,'M1500PS191ECTPA',0,31,16,923.882,1859.775,0.864,2.977,83.000,69343,69343,0'
16,'0100389802',0,'TERMINE',1341.890,1930.000,'M1500PS191ECTPA',0,23,16,926.131,0.000,1930.000,1.000,0.000,0,0,0'
16,'0100389802',0,'TERMINE',1341.890,1930.000,'M1500PS191ECTPA',0,29,16,927.658,185.964,1.440,1.248,64.000,69345,69345,0'
16,'0100389802',0,'TERMINE',1341.890,1930.000,'M1500PS191ECTPA',0,28,16,927.900,108.851,0.672,0.768,30.000,69346,69346,0'
16,'0100389802',0,'TERMINE',1341.890,1930.000,'M1500PS191ECTPA',0,28,16,927.900,108.947,0.768,0.768,33.000,69347,69347,0'
16,'0100389802',0,'TERMINE',1341.890,1930.000,'M1500PS191ECTPA',0,23,16,927.941,0.000,1930.000,1.000,0.000,0,0,0'
16,'0100389802',0,'TERMINE',1341.890,1930.000,'M1500PS191ECTPA',0,28,16,928.207,1310.818,0.768,0.672,22.000,69349,69349,0'
16,'0100389802',0,'TERMINE',1341.890,1930.000,'M1500PS191ECTPA',0,28,16,934.189,957.510,0.960,1.248,93.000,69350,69350,0'
16,'0100389802',0,'TERMINE',1341.890,1930.000,'M1500PS191ECTPA',0,31,16,934.189,965.142,0.864,1.440,79.000,69351,69351,0'
16,'0100389802',0,'TERMINE',1341.890,1930.000,'M1500PS191ECTPA',0,23,16,934.179,0.000,1930.000,1.000,0.000,0,0,0'
16,'0100389802',0,'TERMINE',1341.890,1930.000,'M1500PS191ECTPA',0,28,16,934.205,957.510,0.864,1.248,70.000,69353,69353,0'
16,'0100389802',0,'TERMINE',1341.890,1930.000,'M1500PS191ECTPA',0,28,16,934.205,965.046,0.864,0.576,25.000,69354,69354,0'
16,'0100389802',0,'TERMINE',1341.890,1930.000,'M1500PS191ECTPA',0,23,16,944.185,0.000,1930.000,1.000,0.000,0,0,0'
16,'0100389802',0,'TERMINE',1341.890,1930.000,'M1500PS191ECTPA',0,31,16,945.823,40.000,0.960,2.785,142.000,69356,69356,0'
16,'0100389802',0,'TERMINE',1341.890,1930.000,'M1500PS191ECTPA',0,29,16,945.839,40.000,1.440,3.073,246.000,69357,69357,0'
16,'0100389802',0,'TERMINE',1341.890,1930.000,'M1500PS191ECTPA',0,23,16,950.496,0.000,1930.000,1.000,0.000,0,0,0'
16,'0100389802',0,'TERMINE',1341.890,1930.000,'M1500PS191ECTPA',0,31,16,950.513,52.579,0.864,1.440,50.000,69359,69359,0'
16,'0100389802',0,'TERMINE',1341.890,1930.000,'M1500PS191ECTPA',0,28,16,951.047,1591.513,0.576,1.248,34.000,69360,69360,0'
16,'0100389802',0,'TERMINE',1341.890,1930.000,'M1500PS191ECTPA',0,28,16,952.099,1300.351,1.152,0.672,37.000,69361,69361,0'
16,'0100389802',0,'TERMINE',1341.890,1930.000,'M1500PS191ECTPA',0,28,16,952.132,43.361,0.960,1.152,40.000,69362,69362,0'
16,'0100389802',0,'TERMINE',1341.890,1930.000,'M1500PS191ECTPA',0,29,16,952.164,40.000,2.497,2.305,131.000,69363,69363,0'
16,'0100389802',0,'TERMINE',1341.890,1930.000,'M1500PS191ECTPA',0,29,16,952.164,44.705,1.248,1.344,33.000,69364,69364,0'
16,'0100389802',0,'TERMINE',1341.890,1930.000,'M1500PS191ECTPA',0,29,16,952.213,40.000,6.146,3.937,189.000,69365,69365,0'
16,'0100389802',0,'TERMINE',1341.890,1930.000,'M1500PS191ECTPA',0,29,16,952.213,41.825,3.457,3.937,116.000,69366,69366,0'
16,'0100389802',0,'TERMINE',1341.890,1930.000,'M1500PS191ECTPA',0,29,16,952.213,46.434,1.344,1.248,44.000,69367,69367,0'
16,'0100389802',0,'TERMINE',1341.890,1930.000,'M1500PS191ECTPA',0,29,16,952.213,40.000,1.152,1.536,28.000,69368,69368,0'
16,'0100389802',0,'TERMINE',1341.890,1930.000,'M1500PS191ECTPA',0,30,16,952.229,44.609,1.728,0.960,31.000,69369,69369,0'
16,'0100389802',0,'TERMINE',1341.890,1930.000,'M1500PS191ECTPA',0,28,16,952.245,44.897,0.960,1.152,52.000,69370,69370,0'
16,'0100389802',0,'TERMINE',1341.890,1930.000,'M1500PS191ECTPA',0,28,16,952.245,44.897,0.960,0.864,25.000,69371,69371,0'
16,'0100389802',0,'TERMINE',1341.890,1930.000,'M1500PS191ECTPA',0,29,16,952.262,44.993,1.152,1.825,66.000,69372,69372,0'
16,'0100389802',0,'TERMINE',1341.890,1930.000,'M1500PS191ECTPA',0,28,16,952.262,45.185,0.768,0.960,42.000,69373,69373,0'
16,'0100389802',0,'TERMINE',1341.890,1930.000,'M1500PS191ECTPA',0,28,16,952.262,45.089,0.768,0.672,22.000,69374,69374,0'
16,'0100389802',0,'TERMINE',1341.890,1930.000,'M1500PS191ECTPA',0,31,16,956.049,205.073,0.768,1.921,80.000,69375,69375,0'
16,'0100389802',0,'TERMINE',1341.890,1930.000,'M1500PS191ECTPA',0,31,16,956.049,205.169,0.576,2.497,59.000,69376,69376,0'
16,'0100389802',0,'TERMINE',1341.890,1930.000,'M1500PS191ECTPA',0,28,16,957.646,63.719,0.672,0.480,22.000,69377,69377,0'
16,'0100389802',0,'TERMINE',1341.890,1930.000,'M1500PS191ECTPA',0,31,16,962.545,97.424,0.672,4.705,167.000,69378,69378,0'
16,'0100389802',0,'TERMINE',1341.890,1930.000,'M1500PS191ECTPA',0,29,16,965.177,109.907,1.344,2.593,47.000,69379,69379,0'
16,'0100389802',0,'TERMINE',1341.890,1930.000,'M1500PS191ECTPA',0,29,16,965.194,117.685,1.536,2.497,52.000,69380,69380,0'
16,'0100389802',0,'TERMINE',1341.890,1930.000,'M1500PS191ECTPA',0,31,16,965.225,123.831,0.672,2.113,30.000,69381,69381,0'
16,'0100389802',0,'TERMINE',1341.890,1930.000,'M1500PS191ECTPA',0,29,16,965.241,122.679,3.169,1.921,100.000,69382,69382,0'
16,'0100389802',0,'TERMINE',1341.890,1930.000,'M1500PS191ECTPA',0,31,16,966.049,97.040,0.672,7.298,248.000,69383,69383,0'
16,'0100389802',0,'TERMINE',1341.890,1930.000,'M1500PS191ECTPA',0,28,16,966.065,97.136,0.576,1.152,36.000,69384,69384,0'
16,'0100389802',0,'TERMINE',1341.890,1930.000,'M1500PS191ECTPA',0,23,16,966.602,0.000,1930.000,1.000,0.000,0,0,0'
16,'0100389802',0,'TERMINE',1341.890,1930.000,'M1500PS191ECTPA',0,29,16,967.796,356.507,1.344,4.417,300.000,69386,69386,0'
16,'0100389802',0,'TERMINE',1341.890,1930.000,'M1500PS191ECTPA',0,29,16,967.796,369.139,1.248,3.937,291.000,69387,69387,0'
16,'0100389802',0,'TERMINE',1341.890,1930.000,'M1500PS191ECTPA',0,23,16,967.786,0.000,1930.000,1.000,0.000,0,0,0'
16,'0100389802',0,'TERMINE',1341.890,1930.000,'M1500PS191ECTPA',0,31,16,967.813,369.235,1.056,2.305,147.000,69389,69389,0'
16,'0100389802',0,'TERMINE',1341.890,1930.000,'M1500PS191ECTPA',0,28,16,972.051,42.785,0.960,0.864,45.000,69390,69390,0'
16,'0100389802',0,'TERMINE',1341.890,1930.000,'M1500PS191ECTPA',0,23,16,976.256,0.000,1930.000,1.000,0.000,0,0,0'
16,'0100389802',0,'TERMINE',1341.890,1930.000,'M1500PS191ECTPA',0,30,16,976.930,1908.844,3.169,0.768,34.000,69392,69392,0'
16,'0100389802',0,'TERMINE',1341.890,1930.000,'M1500PS191ECTPA',0,28,16,977.899,50.659,0.480,1.248,26.000,69393,69393,0'
16,'0100389802',0,'TERMINE',1341.890,1930.000,'M1500PS191ECTPA',0,23,16,980.481,0.000,1930.000,1.000,0.000,0,0,0'
16,'0100389802',0,'TERMINE',1341.890,1930.000,'M1500PS191ECTPA',0,23,16,984.908,0.000,1930.000,1.000,0.000,0,0,0'
16,'0100389802',0,'TERMINE',1341.890,1930.000,'M1500PS191ECTPA',0,29,16,986.429,90.990,2.113,1.152,106.000,69396,69396,0'
16,'0100389802',0,'TERMINE',1341.890,1930.000,'M1500PS191ECTPA',0,30,16,986.446,90.990,2.113,1.056,96.000,69397,69397,0'
16,'0100389802',0,'TERMINE',1341.890,1930.000,'M1500PS191ECTPA',0,29,16,987.284,48.642,1.825,1.921,102.000,69398,69398,0'
16,'0100389802',0,'TERMINE',1341.890,1930.000,'M1500PS191ECTPA',0,28,16,988.298,1904.619,0.768,1.056,48.000,69399,69399,0'
16,'0100389802',0,'TERMINE',1341.890,1930.000,'M1500PS191ECTPA',0,28,16,988.314,1904.811,0.768,1.056,38.000,69400,69400,0'
16,'0100389802',0,'TERMINE',1341.890,1930.000,'M1500PS191ECTPA',0,23,16,990.399,0.000,1930.000,1.000,0.000,0,0,0'
16,'0100389802',0,'TERMINE',1341.890,1930.000,'M1500PS191ECTPA',0,23,16,992.056,0.000,1930.000,1.000,0.000,0,0,0'
16,'0100389802',0,'TERMINE',1341.890,1930.000,'M1500PS191ECTPA',0,28,16,992.640,686.099,0.768,0.576,24.000,69403,69403,0'
16,'0100389802',0,'TERMINE',1341.890,1930.000,'M1500PS191ECTPA',0,28,16,992.656,686.195,0.672,0.576,21.000,69404,69404,0'
16,'0100389802',0,'TERMINE',1341.890,1930.000,'M1500PS191ECTPA',0,28,16,1008.527,1867.841,1.056,0.960,60.000,69405,69405,0'
16,'0100389802',0,'TERMINE',1341.890,1930.000,'M1500PS191ECTPA',0,28,16,1009.479,1556.579,1.056,0.576,40.000,69406,69406,0'
16,'0100389802',0,'TERMINE',1341.890,1930.000,'M1500PS191ECTPA',0,28,16,1009.479,1566.642,0.768,0.576,30.000,69407,69407,0'
16,'0100389802',0,'TERMINE',1341.890,1930.000,'M1500PS191ECTPA',0,28,16,1012.358,1485.136,0.960,0.768,48.000,69408,69408,0'
16,'0100389802',0,'TERMINE',1341.890,1930.000,'M1500PS191ECTPA',0,31,16,1012.848,1342.315,0.480,2.017,36.000,69409,69409,0'
16,'0100389802',0,'TERMINE',1341.890,1930.000,'M1500PS191ECTPA',0,28,16,1012.848,1353.003,0.384,1.056,26.000,69410,69410,0'
16,'0100389802',0,'TERMINE',1341.890,1930.000,'M1500PS191ECTPA',0,23,16,1012.838,0.000,1930.000,1.000,0.000,0,0,0'
16,'0100389802',0,'TERMINE',1341.890,1930.000,'M1500PS191ECTPA',0,29,16,1014.386,245.404,1.825,3.361,332.000,69412,69412,0'
16,'0100389802',0,'TERMINE',1341.890,1930.000,'M1500PS191ECTPA',0,28,16,1014.386,245.884,0.576,0.672,21.000,69413,69413,0'
16,'0100389802',0,'TERMINE',1341.890,1930.000,'M1500PS191ECTPA',0,29,16,1014.403,246.172,1.152,2.017,136.000,69414,69414,0'
16,'0100389802',0,'TERMINE',1341.890,1930.000,'M1500PS191ECTPA',0,28,16,1014.403,245.212,1.056,0.768,35.000,69415,69415,0'
16,'0100389802',0,'TERMINE',1341.890,1930.000,'M1500PS191ECTPA',0,28,16,1014.468,1397.175,0.576,0.672,22.000,69416,69416,0'
16,'0100389802',0,'TERMINE',1341.890,1930.000,'M1500PS191ECTPA',0,28,16,1017.419,195.374,0.864,0.576,30.000,69417,69417,0'
16,'0100389802',0,'TERMINE',1341.890,1930.000,'M1500PS191ECTPA',0,23,16,1025.017,0.000,1930.000,1.000,0.000,0,0,0'
16,'0100389802',0,'TERMINE',1341.890,1930.000,'M1500PS191ECTPA',0,31,16,1027.379,161.765,0.960,1.921,108.000,69419,69419,0'
16,'0100389802',0,'TERMINE',1341.890,1930.000,'M1500PS191ECTPA',0,31,16,1027.395,154.368,0.864,1.921,100.000,69420,69420,0'
16,'0100389802',0,'TERMINE',1341.890,1930.000,'M1500PS191ECTPA',0,31,16,1027.395,154.464,0.960,1.825,106.000,69421,69421,0'
16,'0100389802',0,'TERMINE',1341.890,1930.000,'M1500PS191ECTPA',0,28,16,1033.632,1875.907,0.480,0.960,25.000,69422,69422,0'
16,'0100389802',0,'TERMINE',1341.890,1930.000,'M1500PS191ECTPA',0,30,16,1036.153,1909.709,3.169,0.576,61.000,69423,69423,0'
16,'0100389802',0,'TERMINE',1341.890,1930.000,'M1500PS191ECTPA',0,30,16,1036.153,1905.579,3.361,0.480,54.000,69424,69424,0'
16,'0100389802',0,'TERMINE',1341.890,1930.000,'M1500PS191ECTPA',0,23,16,1037.515,0.000,1930.000,1.000,0.000,0,0,0'
16,'0100389802',0,'TERMINE',1341.890,1930.000,'M1500PS191ECTPA',0,28,16,1038.041,1907.404,0.672,0.576,24.000,69426,69426,0'
16,'0100389802',0,'TERMINE',1341.890,1930.000,'M1500PS191ECTPA',0,28,16,1039.880,658.348,0.480,1.056,28.000,69427,69427,0'
16,'0100389802',0,'TERMINE',1341.890,1930.000,'M1500PS191ECTPA',0,30,16,1041.302,1910.093,1.536,0.864,90.000,69428,69428,0'
16,'0100389802',0,'TERMINE',1341.890,1930.000,'M1500PS191ECTPA',0,28,16,1041.318,1910.765,0.864,0.576,22.000,69429,69429,0'
16,'0100389802',0,'TERMINE',1341.890,1930.000,'M1500PS191ECTPA',0,27,16,1043.127,567.434,1.056,0.480,22.000,69430,69430,0'
16,'0100389802',0,'TERMINE',1341.890,1930.000,'M1500PS191ECTPA',0,29,16,1043.127,620.609,4.129,1.152,178.000,69431,69431,0'
16,'0100389802',0,'TERMINE',1341.890,1930.000,'M1500PS191ECTPA',0,23,16,1043.117,0.000,1930.000,1.000,0.000,0,0,0'
16,'0100389802',0,'TERMINE',1341.890,1930.000,'M1500PS191ECTPA',0,23,16,1043.689,0.000,1930.000,1.000,0.000,0,0,0'
16,'0100389802',0,'TERMINE',1341.890,1930.000,'M1500PS191ECTPA',0,28,16,1045.226,51.715,0.576,1.152,40.000,69434,69434,0'
16,'0100389802',0,'TERMINE',1341.890,1930.000,'M1500PS191ECTPA',0,28,16,1045.243,51.811,0.480,1.056,26.000,69435,69435,0'
16,'0100389802',0,'TERMINE',1341.890,1930.000,'M1500PS191ECTPA',0,27,16,1047.859,291.209,0.960,0.384,23.000,69436,69436,0'
16,'0100389802',0,'TERMINE',1341.890,1930.000,'M1500PS191ECTPA',0,28,16,1048.004,1889.927,0.768,0.576,30.000,69437,69437,0'
16,'0100389802',0,'TERMINE',1341.890,1930.000,'M1500PS191ECTPA',0,23,16,1051.856,0.000,1930.000,1.000,0.000,0,0,0'
16,'0100389802',0,'TERMINE',1341.890,1930.000,'M1500PS191ECTPA',0,23,16,1052.699,0.000,1930.000,1.000,0.000,0,0,0'
16,'0100389802',0,'TERMINE',1341.890,1930.000,'M1500PS191ECTPA',0,28,16,1054.946,1897.705,1.056,0.768,37.000,69440,69440,0'
16,'0100389802',0,'TERMINE',1341.890,1930.000,'M1500PS191ECTPA',0,28,16,1054.963,1897.897,0.960,0.768,22.000,69441,69441,0'
16,'0100389802',0,'TERMINE',1341.890,1930.000,'M1500PS191ECTPA',0,23,16,1058.620,0.000,1930.000,1.000,0.000,0,0,0'
16,'0100389802',0,'TERMINE',1341.890,1930.000,'M1500PS191ECTPA',0,30,16,1062.734,1739.778,1.440,0.480,26.000,69443,69443,0'
16,'0100389802',0,'TERMINE',1341.890,1930.000,'M1500PS191ECTPA',0,31,16,1063.538,1591.993,1.056,3.073,191.000,69444,69444,0'
16,'0100389802',0,'TERMINE',1341.890,1930.000,'M1500PS191ECTPA',0,30,16,1066.637,1748.000,2.017,0.672,72.000,69445,69445,0'
16,'0100389802',0,'TERMINE',1341.890,1930.000,'M1500PS191ECTPA',0,30,16,1066.637,1740.546,2.881,0.672,90.000,69446,69446,0'
16,'0100389802',0,'TERMINE',1341.890,1930.000,'M1500PS191ECTPA',0,28,16,1067.924,1850.652,0.960,0.960,50.000,69447,69447,0'
16,'0100389802',0,'TERMINE',1341.890,1930.000,'M1500PS191ECTPA',0,30,16,1068.052,1191.745,1.344,0.480,22.000,69448,69448,0'
16,'0100389802',0,'TERMINE',1341.890,1930.000,'M1500PS191ECTPA',0,31,16,1069.895,51.715,0.480,1.632,29.000,69449,69449,0'
16,'0100389802',0,'TERMINE',1341.890,1930.000,'M1500PS191ECTPA',0,28,16,1070.200,246.076,0.864,1.056,51.000,69450,69450,0'
16,'0100389802',0,'TERMINE',1341.890,1930.000,'M1500PS191ECTPA',0,28,16,1070.217,246.556,0.576,0.960,31.000,69451,69451,0'
16,'0100389802',0,'TERMINE',1341.890,1930.000,'M1500PS191ECTPA',0,28,16,1071.252,246.364,0.576,0.768,22.000,69452,69452,0'
16,'0100389802',0,'TERMINE',1341.890,1930.000,'M1500PS191ECTPA',0,23,16,1071.242,0.000,1930.000,1.000,0.000,0,0,0'
16,'0100389802',0,'TERMINE',1341.890,1930.000,'M1500PS191ECTPA',0,28,16,1071.643,246.172,0.480,1.248,34.000,69454,69454,0'
16,'0100389802',0,'TERMINE',1341.890,1930.000,'M1500PS191ECTPA',0,28,16,1075.049,1068.275,0.768,0.480,22.000,69455,69455,0'
16,'0100389802',0,'TERMINE',1341.890,1930.000,'M1500PS191ECTPA',0,23,16,1075.039,0.000,1930.000,1.000,0.000,0,0,0'
16,'0100389802',0,'TERMINE',1341.890,1930.000,'M1500PS191ECTPA',0,30,16,1076.665,712.219,1.344,0.864,62.000,69457,69457,0'
16,'0100389802',0,'TERMINE',1341.890,1930.000,'M1500PS191ECTPA',0,30,16,1078.315,606.013,1.440,0.384,24.000,69458,69458,0'
16,'0100389802',0,'TERMINE',1341.890,1930.000,'M1500PS191ECTPA',0,28,16,1081.764,53.060,0.576,0.768,28.000,69459,69459,0'
16,'0100389802',0,'TERMINE',1341.890,1930.000,'M1500PS191ECTPA',0,27,16,1085.406,1129.828,1.152,0.480,31.000,69460,69460,0'
16,'0100389802',0,'TERMINE',1341.890,1930.000,'M1500PS191ECTPA',0,28,16,1093.218,51.715,0.480,0.768,22.000,69461,69461,0'
16,'0100389802',0,'TERMINE',1341.890,1930.000,'M1500PS191ECTPA',0,23,16,1095.557,0.000,1930.000,1.000,0.000,0,0,0'
16,'0100389802',0,'TERMINE',1341.890,1930.000,'M1500PS191ECTPA',0,31,16,1101.847,51.811,0.768,3.649,132.000,69463,69463,0'
16,'0100389802',0,'TERMINE',1341.890,1930.000,'M1500PS191ECTPA',0,31,16,1101.863,51.907,0.576,3.553,92.000,69464,69464,0'
16,'0100389802',0,'TERMINE',1341.890,1930.000,'M1500PS191ECTPA',0,23,16,1102.361,0.000,1930.000,1.000,0.000,0,0,0'
16,'0100389802',0,'TERMINE',1341.890,1930.000,'M1500PS191ECTPA',0,31,16,1105.126,1029.000,0.864,1.921,34.000,69466,69466,0'
16,'0100389802',0,'TERMINE',1341.890,1930.000,'M1500PS191ECTPA',0,28,16,1106.824,1370.642,0.480,1.056,21.000,69467,69467,0'
16,'0100389802',0,'TERMINE',1341.890,1930.000,'M1500PS191ECTPA',0,23,16,1109.532,0.000,1930.000,1.000,0.000,0,0,0'
16,'0100389802',0,'TERMINE',1341.890,1930.000,'M1500PS191ECTPA',0,31,16,1110.356,485.715,0.576,1.440,42.000,69469,69469,0'
16,'0100389802',0,'TERMINE',1341.890,1930.000,'M1500PS191ECTPA',0,31,16,1111.664,51.811,0.576,1.632,36.000,69470,69470,0'
16,'0100389802',0,'TERMINE',1341.890,1930.000,'M1500PS191ECTPA',0,29,16,1124.488,1885.222,1.344,1.728,88.000,69471,69471,0'
16,'0100389802',0,'TERMINE',1341.890,1930.000,'M1500PS191ECTPA',0,29,16,1124.488,1885.222,1.344,1.728,80.000,69472,69472,0'
16,'0100389802',0,'TERMINE',1341.890,1930.000,'M1500PS191ECTPA',0,28,16,1124.488,1900.106,0.864,0.864,44.000,69473,69473,0'
16,'0100389802',0,'TERMINE',1341.890,1930.000,'M1500PS191ECTPA',0,28,16,1124.504,1900.202,0.768,0.768,33.000,69474,69474,0'
16,'0100389802',0,'TERMINE',1341.890,1930.000,'M1500PS191ECTPA',0,31,16,1124.809,974.553,0.384,1.632,30.000,69475,69475,0'
16,'0100389802',0,'TERMINE',1341.890,1930.000,'M1500PS191ECTPA',0,28,16,1127.958,1515.864,1.248,0.768,42.000,69476,69476,0'
16,'0100389802',0,'TERMINE',1341.890,1930.000,'M1500PS191ECTPA',0,28,16,1128.962,1163.437,0.864,0.480,24.000,69477,69477,0'
16,'0100389802',0,'TERMINE',1341.890,1930.000,'M1500PS191ECTPA',0,23,16,1129.409,0.000,1930.000,1.000,0.000,0,0,0'
16,'0100389802',0,'TERMINE',1341.890,1930.000,'M1500PS191ECTPA',0,23,16,1129.863,0.000,1930.000,1.000,0.000,0,0,0'
16,'0100389802',0,'TERMINE',1341.890,1930.000,'M1500PS191ECTPA',0,30,16,1137.653,1877.348,2.497,0.384,26.000,69480,69480,0'
16,'0100389802',0,'TERMINE',1341.890,1930.000,'M1500PS191ECTPA',0,31,16,1138.571,52.483,0.480,1.440,26.000,69481,69481,0'
16,'0100389802',0,'TERMINE',1341.890,1930.000,'M1500PS191ECTPA',0,31,16,1142.879,51.907,0.768,1.728,50.000,69482,69482,0'
16,'0100389802',0,'TERMINE',1341.890,1930.000,'M1500PS191ECTPA',0,28,16,1143.947,1839.609,0.672,0.864,30.000,69483,69483,0'
16,'0100389802',0,'TERMINE',1341.890,1930.000,'M1500PS191ECTPA',0,31,16,1144.641,51.907,0.960,1.825,63.000,69484,69484,0'
16,'0100389802',0,'TERMINE',1341.890,1930.000,'M1500PS191ECTPA',0,29,16,1144.802,97.904,2.017,1.632,184.000,69485,69485,0'
16,'0100389802',0,'TERMINE',1341.890,1930.000,'M1500PS191ECTPA',0,28,16,1144.802,97.040,1.056,1.248,92.000,69486,69486,0'
16,'0100389802',0,'TERMINE',1341.890,1930.000,'M1500PS191ECTPA',0,29,16,1145.558,1228.331,1.248,2.593,100.000,69487,69487,0'
16,'0100389802',0,'TERMINE',1341.890,1930.000,'M1500PS191ECTPA',0,31,16,1145.575,1228.427,0.576,2.497,66.000,69488,69488,0'
16,'0100389802',0,'TERMINE',1341.890,1930.000,'M1500PS191ECTPA',0,23,16,1148.002,0.000,1930.000,1.000,0.000,0,0,0'
16,'0100389802',0,'TERMINE',1341.890,1930.000,'M1500PS191ECTPA',0,28,16,1148.379,1147.497,0.672,1.248,50.000,69490,69490,0'
16,'0100389802',0,'TERMINE',1341.890,1930.000,'M1500PS191ECTPA',0,28,16,1148.394,1147.785,0.576,0.864,26.000,69491,69491,0'
16,'0100389802',0,'TERMINE',1341.890,1930.000,'M1500PS191ECTPA',0,28,16,1149.559,1895.785,0.960,1.056,42.000,69492,69492,0'
16,'0100389802',0,'TERMINE',1341.890,1930.000,'M1500PS191ECTPA',0,28,16,1149.575,1896.265,0.864,0.960,32.000,69493,69493,0'
16,'0100389802',0,'TERMINE',1341.890,1930.000,'M1500PS191ECTPA',0,23,16,1154.449,0.000,1930.000,1.000,0.000,0,0,0'
16,'0100389802',0,'TERMINE',1341.890,1930.000,'M1500PS191ECTPA',0,31,16,1155.681,1026.983,0.960,2.305,125.000,69495,69495,0'
16,'0100389802',0,'TERMINE',1341.890,1930.000,'M1500PS191ECTPA',0,23,16,1160.999,0.000,1930.000,1.000,0.000,0,0,0'
16,'0100389802',0,'TERMINE',1341.890,1930.000,'M1500PS191ECTPA',0,23,16,1162.909,0.000,1930.000,1.000,0.000,0,0,0'
16,'0100389802',0,'TERMINE',1341.890,1930.000,'M1500PS191ECTPA',0,23,16,1168.062,0.000,1930.000,1.000,0.000,0,0,0'
16,'0100389802',0,'TERMINE',1341.890,1930.000,'M1500PS191ECTPA',0,31,16,1169.656,870.030,1.056,2.017,148.000,69499,69499,0'
16,'0100389802',0,'TERMINE',1341.890,1930.000,'M1500PS191ECTPA',0,28,16,1169.689,872.238,1.056,0.960,38.000,69500,69500,0'
16,'0100389802',0,'TERMINE',1341.890,1930.000,'M1500PS191ECTPA',0,31,16,1169.721,873.295,0.768,1.440,74.000,69501,69501,0'
16,'0100389802',0,'TERMINE',1341.890,1930.000,'M1500PS191ECTPA',0,28,16,1172.597,1891.079,0.672,0.768,23.000,69502,69502,0'
16,'0100389802',0,'TERMINE',1341.890,1930.000,'M1500PS191ECTPA',0,31,16,1172.889,170.212,0.672,5.666,190.000,69503,69503,0'
16,'0100389802',0,'TERMINE',1341.890,1930.000,'M1500PS191ECTPA',0,29,16,1172.889,169.540,1.344,2.017,138.000,69504,69504,0'
16,'0100389802',0,'TERMINE',1341.890,1930.000,'M1500PS191ECTPA',0,29,16,1172.889,176.745,1.248,1.344,88.000,69505,69505,0'
16,'0100389802',0,'TERMINE',1341.890,1930.000,'M1500PS191ECTPA',0,31,16,1172.889,177.513,0.480,1.728,30.000,69506,69506,0'
16,'0100389802',0,'TERMINE',1341.890,1930.000,'M1500PS191ECTPA',0,28,16,1172.889,177.609,0.480,0.864,22.000,69507,69507,0'
16,'0100389802',0,'TERMINE',1341.890,1930.000,'M1500PS191ECTPA',0,23,16,1172.879,0.000,1930.000,1.000,0.000,0,0,0'
16,'0100389802',0,'TERMINE',1341.890,1930.000,'M1500PS191ECTPA',0,31,16,1172.905,170.308,0.480,4.225,79.000,69509,69509,0'
16,'0100389802',0,'TERMINE',1341.890,1930.000,'M1500PS191ECTPA',0,31,16,1172.905,170.308,0.480,1.632,46.000,69510,69510,0'
16,'0100389802',0,'TERMINE',1341.890,1930.000,'M1500PS191ECTPA',0,28,16,1172.905,170.212,0.672,0.864,30.000,69511,69511,0'
16,'0100389802',0,'TERMINE',1341.890,1930.000,'M1500PS191ECTPA',0,30,16,1182.640,1258.387,5.762,0.288,66.000,69512,69512,0'
16,'0100389802',0,'TERMINE',1341.890,1930.000,'M1500PS191ECTPA',0,23,16,1186.769,0.000,1930.000,1.000,0.000,0,0,0'
16,'0100389802',0,'TERMINE',1341.890,1930.000,'M1500PS191ECTPA',0,23,16,1187.310,0.000,1930.000,1.000,0.000,0,0,0'
16,'0100389802',0,'TERMINE',1341.890,1930.000,'M1500PS191ECTPA',0,28,16,1188.666,1848.444,0.960,0.768,40.000,69515,69515,0'
16,'0100389802',0,'TERMINE',1341.890,1930.000,'M1500PS191ECTPA',0,28,16,1188.697,144.189,0.672,0.672,23.000,69516,69516,0'
16,'0100389802',0,'TERMINE',1341.890,1930.000,'M1500PS191ECTPA',0,23,16,1190.281,0.000,1930.000,1.000,0.000,0,0,0'
16,'0100389802',0,'TERMINE',1341.890,1930.000,'M1500PS191ECTPA',0,29,16,1190.522,1611.871,1.536,4.705,316.000,69518,69518,0'
16,'0100389802',0,'TERMINE',1341.890,1930.000,'M1500PS191ECTPA',0,29,16,1190.522,1611.583,1.344,1.152,92.000,69519,69519,0'
16,'0100389802',0,'TERMINE',1341.890,1930.000,'M1500PS191ECTPA',0,23,16,1191.100,0.000,1930.000,1.000,0.000,0,0,0'
16,'0100389802',0,'TERMINE',1341.890,1930.000,'M1500PS191ECTPA',0,28,16,1193.720,494.454,0.864,0.768,43.000,69521,69521,0'
16,'0100389802',0,'TERMINE',1341.890,1930.000,'M1500PS191ECTPA',0,28,16,1193.737,494.742,0.672,0.768,36.000,69522,69522,0'
16,'0100389802',0,'TERMINE',1341.890,1930.000,'M1500PS191ECTPA',0,23,16,1196.471,0.000,1930.000,1.000,0.000,0,0,0'
16,'0100389802',0,'TERMINE',1341.890,1930.000,'M1500PS191ECTPA',0,30,16,1198.159,1641.927,5.666,0.288,109.000,69524,69524,0'
16,'0100389802',0,'TERMINE',1341.890,1930.000,'M1500PS191ECTPA',0,23,16,1201.068,0.000,1930.000,1.000,0.000,0,0,0'
16,'0100389802',0,'TERMINE',1341.890,1930.000,'M1500PS191ECTPA',0,23,16,1205.432,0.000,1930.000,1.000,0.000,0,0,0'
16,'0100389802',0,'TERMINE',1341.890,1930.000,'M1500PS191ECTPA',0,23,16,1205.922,0.000,1930.000,1.000,0.000,0,0,0'
16,'0100389802',0,'TERMINE',1341.890,1930.000,'M1500PS191ECTPA',0,23,16,1206.252,0.000,1930.000,1.000,0.000,0,0,0'
16,'0100389802',0,'TERMINE',1341.890,1930.000,'M1500PS191ECTPA',0,23,16,1206.651,0.000,1930.000,1.000,0.000,0,0,0'
16,'0100389802',0,'TERMINE',1341.890,1930.000,'M1500PS191ECTPA',0,31,16,1207.828,1909.997,0.576,1.825,30.000,69530,69530,0'
16,'0100389802',0,'TERMINE',1341.890,1930.000,'M1500PS191ECTPA',0,31,16,1207.844,1910.093,0.864,1.632,36.000,69531,69531,0'
16,'0100389802',0,'TERMINE',1341.890,1930.000,'M1500PS191ECTPA',0,23,16,1209.010,0.000,1930.000,1.000,0.000,0,0,0'
16,'0100389802',0,'TERMINE',1341.890,1930.000,'M1500PS191ECTPA',0,23,16,1214.017,0.000,1930.000,1.000,0.000,0,0,0'
16,'0100389802',0,'TERMINE',1341.890,1930.000,'M1500PS191ECTPA',0,23,16,1214.410,0.000,1930.000,1.000,0.000,0,0,0'
16,'0100389802',0,'TERMINE',1341.890,1930.000,'M1500PS191ECTPA',0,28,16,1218.262,1486.192,0.576,0.576,21.000,69535,69535,0'
16,'0100389802',0,'TERMINE',1341.890,1930.000,'M1500PS191ECTPA',0,23,16,1219.869,0.000,1930.000,1.000,0.000,0,0,0'
16,'0100389802',0,'TERMINE',1341.890,1930.000,'M1500PS191ECTPA',0,27,16,1220.639,1504.629,0.960,0.384,23.000,69537,69537,0'
16,'0100389802',0,'TERMINE',1341.890,1930.000,'M1500PS191ECTPA',0,28,16,1220.656,1504.821,0.960,0.960,68.000,69538,69538,0'
16,'0100389802',0,'TERMINE',1341.890,1930.000,'M1500PS191ECTPA',0,29,16,1221.352,1554.755,1.440,3.841,300.000,69539,69539,0'
16,'0100389802',0,'TERMINE',1341.890,1930.000,'M1500PS191ECTPA',0,29,16,1221.352,1564.914,1.248,4.225,247.000,69540,69540,0'
16,'0100389802',0,'TERMINE',1341.890,1930.000,'M1500PS191ECTPA',0,28,16,1221.352,1565.394,0.384,1.056,25.000,69541,69541,0'
16,'0100389802',0,'TERMINE',1341.890,1930.000,'M1500PS191ECTPA',0,23,16,1221.342,0.000,1930.000,1.000,0.000,0,0,0'
16,'0100389802',0,'TERMINE',1341.890,1930.000,'M1500PS191ECTPA',0,28,16,1221.368,1565.202,0.384,1.152,24.000,69543,69543,0'
16,'0100389802',0,'TERMINE',1341.890,1930.000,'M1500PS191ECTPA',0,23,16,1225.598,0.000,1930.000,1.000,0.000,0,0,0'
16,'0100389802',0,'TERMINE',1341.890,1930.000,'M1500PS191ECTPA',0,31,16,1225.765,1720.477,0.768,4.993,166.000,69545,69545,0'
16,'0100389802',0,'TERMINE',1341.890,1930.000,'M1500PS191ECTPA',0,23,16,1227.480,0.000,1930.000,1.000,0.000,0,0,0'
16,'0100389802',0,'TERMINE',1341.890,1930.000,'M1500PS191ECTPA',0,28,16,1229.297,1641.735,0.864,0.960,64.000,69547,69547,0'
16,'0100389802',0,'TERMINE',1341.890,1930.000,'M1500PS191ECTPA',0,31,16,1229.346,1642.023,0.768,1.440,73.000,69548,69548,0'
16,'0100389802',0,'TERMINE',1341.890,1930.000,'M1500PS191ECTPA',0,23,16,1231.942,0.000,1930.000,1.000,0.000,0,0,0'
16,'0100389802',0,'TERMINE',1341.890,1930.000,'M1500PS191ECTPA',0,23,16,1232.303,0.000,1930.000,1.000,0.000,0,0,0'
16,'0100389802',0,'TERMINE',1341.890,1930.000,'M1500PS191ECTPA',0,28,16,1234.670,898.454,0.672,0.672,22.000,69551,69551,0'
16,'0100389802',0,'TERMINE',1341.890,1930.000,'M1500PS191ECTPA',0,28,16,1235.270,1636.550,0.576,0.672,24.000,69552,69552,0'
16,'0100389802',0,'TERMINE',1341.890,1930.000,'M1500PS191ECTPA',0,28,16,1235.774,1902.987,0.768,0.576,26.000,69553,69553,0'
16,'0100389802',0,'TERMINE',1341.890,1930.000,'M1500PS191ECTPA',0,31,16,1237.473,320.785,0.768,2.593,110.000,69554,69554,0'
16,'0100389802',0,'TERMINE',1341.890,1930.000,'M1500PS191ECTPA',0,28,16,1237.489,321.457,0.672,0.960,32.000,69555,69555,0'
16,'0100389802',0,'TERMINE',1341.890,1930.000,'M1500PS191ECTPA',0,31,16,1247.262,1591.801,0.672,1.344,48.000,69556,69556,0'
16,'0100389802',0,'TERMINE',1341.890,1930.000,'M1500PS191ECTPA',0,28,16,1247.278,1591.609,0.576,1.056,36.000,69557,69557,0'
16,'0100389802',0,'TERMINE',1341.890,1930.000,'M1500PS191ECTPA',0,23,16,1251.245,0.000,1930.000,1.000,0.000,0,0,0'
16,'0100389802',0,'TERMINE',1341.890,1930.000,'M1500PS191ECTPA',0,29,16,1257.266,313.391,6.818,1.921,926.000,69559,69559,0'
16,'0100389802',0,'TERMINE',1341.890,1930.000,'M1500PS191ECTPA',0,29,16,1257.299,425.411,7.970,8.162,5391.000,69560,69560,0'
16,'0100389802',0,'TERMINE',1341.890,1930.000,'M1500PS191ECTPA',0,31,16,1257.299,432.517,0.864,5.185,282.000,69561,69561,0'
16,'0100389802',0,'TERMINE',1341.890,1930.000,'M1500PS191ECTPA',0,29,16,1257.331,515.868,8.066,7.202,5121.000,69562,69562,0'
16,'0100389802',0,'TERMINE',1341.890,1930.000,'M1500PS191ECTPA',0,29,16,1257.364,718.652,7.970,4.705,3152.000,69563,69563,0'
16,'0100389802',0,'TERMINE',1341.890,1930.000,'M1500PS191ECTPA',0,29,16,1257.396,821.825,7.874,7.106,4924.000,69564,69564,0'
16,'0100389802',0,'TERMINE',1341.890,1930.000,'M1500PS191ECTPA',0,29,16,1257.396,918.619,8.546,8.258,5930.000,69565,69565,0'
16,'0100389802',0,'TERMINE',1341.890,1930.000,'M1500PS191ECTPA',0,29,16,1257.445,1019.109,7.682,8.162,5228.000,69566,69566,0'
16,'0100389802',0,'TERMINE',1341.890,1930.000,'M1500PS191ECTPA',0,29,16,1257.477,1117.344,8.546,8.450,6022.000,69567,69567,0'
16,'0100389802',0,'TERMINE',1341.890,1930.000,'M1500PS191ECTPA',0,29,16,1257.510,1220.265,8.162,8.258,5693.000,69568,69568,0'
16,'0100389802',0,'TERMINE',1341.890,1930.000,'M1500PS191ECTPA',0,30,16,1257.526,1316.868,4.609,0.864,262.000,69569,69569,0'
16,'0100389802',0,'TERMINE',1341.890,1930.000,'M1500PS191ECTPA',0,29,16,1257.575,1518.169,7.970,6.818,4799.000,69570,69570,0'
16,'0100389802',0,'TERMINE',1341.890,1930.000,'M1500PS191ECTPA',0,31,16,1257.575,1525.275,0.864,4.801,262.000,69571,69571,0'
16,'0100389802',0,'TERMINE',1341.890,1930.000,'M1500PS191ECTPA',0,29,16,1257.624,1719.325,7.010,2.209,1160.000,69572,69572,0'
16,'0100389802',0,'TERMINE',1341.890,1930.000,'M1500PS191ECTPA',0,29,16,1257.673,1825.493,6.434,4.417,2540.000,69573,69573,0'
16,'0100389802',0,'TERMINE',1341.890,1930.000,'M1500PS191ECTPA',0,29,16,1257.673,1830.967,2.305,4.129,748.000,69574,69574,0'
16,'0100389802',0,'TERMINE',1341.890,1930.000,'M1500PS191ECTPA',0,31,16,1257.705,1886.182,1.056,4.513,355.000,69575,69575,0'
16,'0100389802',0,'TERMINE',1341.890,1930.000,'M1500PS191ECTPA',0,29,16,1257.705,1886.182,7.298,5.570,3598.000,69576,69576,0'
16,'0100389802',0,'TERMINE',1341.890,1930.000,'M1500PS191ECTPA',0,29,16,1259.133,127.480,4.897,2.305,920.000,69577,69577,0'
16,'0100389802',0,'TERMINE',1341.890,1930.000,'M1500PS191ECTPA',0,29,16,1259.133,131.417,3.169,2.305,508.000,69578,69578,0'
16,'0100389802',0,'TERMINE',1341.890,1930.000,'M1500PS191ECTPA',0,29,16,1259.149,230.712,5.570,1.344,504.000,69579,69579,0'
16,'0100389802',0,'TERMINE',1341.890,1930.000,'M1500PS191ECTPA',0,29,16,1259.231,434.725,7.586,6.914,4550.000,69580,69580,0'
16,'0100389802',0,'TERMINE',1341.890,1930.000,'M1500PS191ECTPA',0,29,16,1259.263,525.950,6.626,2.017,953.000,69581,69581,0'
16,'0100389802',0,'TERMINE',1341.890,1930.000,'M1500PS191ECTPA',0,29,16,1259.296,726.238,7.586,5.570,3740.000,69582,69582,0'
16,'0100389802',0,'TERMINE',1341.890,1930.000,'M1500PS191ECTPA',0,31,16,1259.296,733.536,0.288,2.689,37.000,69583,69583,0'
16,'0100389802',0,'TERMINE',1341.890,1930.000,'M1500PS191ECTPA',0,31,16,1259.361,942.000,0.576,3.841,126.000,69584,69584,0'
16,'0100389802',0,'TERMINE',1341.890,1930.000,'M1500PS191ECTPA',0,29,16,1259.377,925.437,7.970,5.474,3911.000,69585,69585,0'
16,'0100389802',0,'TERMINE',1341.890,1930.000,'M1500PS191ECTPA',0,29,16,1259.393,1028.808,7.586,5.954,3969.000,69586,69586,0'
16,'0100389802',0,'TERMINE',1341.890,1930.000,'M1500PS191ECTPA',0,29,16,1259.458,1230.732,3.745,3.169,894.000,69587,69587,0'
16,'0100389802',0,'TERMINE',1341.890,1930.000,'M1500PS191ECTPA',0,29,16,1259.458,1233.517,4.609,3.169,1216.000,69588,69588,0'
16,'0100389802',0,'TERMINE',1341.890,1930.000,'M1500PS191ECTPA',0,30,16,1259.475,1325.894,3.265,0.576,111.000,69589,69589,0'
16,'0100389802',0,'TERMINE',1341.890,1930.000,'M1500PS191ECTPA',0,29,16,1259.507,1431.649,7.490,7.778,4838.000,69590,69590,0'
16,'0100389802',0,'TERMINE',1341.890,1930.000,'M1500PS191ECTPA',0,29,16,1259.539,1526.619,1.632,2.209,222.000,69591,69591,0'
16,'0100389802',0,'TERMINE',1341.890,1930.000,'M1500PS191ECTPA',0,29,16,1259.539,1526.619,7.490,2.881,1602.000,69592,69592,0'
16,'0100389802',0,'TERMINE',1341.890,1930.000,'M1500PS191ECTPA',0,29,16,1259.572,1631.748,1.728,1.440,146.000,69593,69593,0'
16,'0100389802',0,'TERMINE',1341.890,1930.000,'M1500PS191ECTPA',0,29,16,1259.572,1632.517,5.281,1.728,692.000,69594,69594,0'
16,'0100389802',0,'TERMINE',1341.890,1930.000,'M1500PS191ECTPA',0,29,16,1259.572,1726.430,7.586,7.682,4826.000,69595,69595,0'
16,'0100389802',0,'TERMINE',1341.890,1930.000,'M1500PS191ECTPA',0,29,16,1259.605,1829.430,2.497,4.417,875.000,69596,69596,0'
16,'0100389802',0,'TERMINE',1341.890,1930.000,'M1500PS191ECTPA',0,29,16,1259.605,1830.967,6.050,4.705,2615.000,69597,69597,0'
16,'0100389802',0,'TERMINE',1341.890,1930.000,'M1500PS191ECTPA',0,31,16,1262.307,706.073,0.384,6.530,109.000,69598,69598,0'
16,'0100389802',0,'TERMINE',1341.890,1930.000,'M1500PS191ECTPA',0,31,16,1262.356,705.785,0.672,3.649,124.000,69599,69599,0'
16,'0100389802',0,'TERMINE',1341.890,1930.000,'M1500PS191ECTPA',0,31,16,1262.372,705.785,0.864,5.762,233.000,69600,69600,0'
16,'0100389802',0,'TERMINE',1341.890,1930.000,'M1500PS191ECTPA',0,31,16,1262.388,705.977,0.384,2.977,44.000,69601,69601,0'
16,'0100389802',0,'TERMINE',1341.890,1930.000,'M1500PS191ECTPA',0,28,16,1262.809,666.990,0.480,0.864,24.000,69602,69602,0'
16,'0100389802',0,'TERMINE',1341.890,1930.000,'M1500PS191ECTPA',0,23,16,1264.386,0.000,1930.000,1.000,0.000,0,0,0'
16,'0100389802',0,'TERMINE',1341.890,1930.000,'M1500PS191ECTPA',0,23,16,1264.990,0.000,1930.000,1.000,0.000,0,0,0'
16,'0100389802',0,'TERMINE',1341.890,1930.000,'M1500PS191ECTPA',0,28,16,1270.023,1481.967,0.768,0.576,26.000,69605,69605,0'
16,'0100389802',0,'TERMINE',1341.890,1930.000,'M1500PS191ECTPA',0,23,16,1274.118,0.000,1930.000,1.000,0.000,0,0,0'
16,'0100389802',0,'TERMINE',1341.890,1930.000,'M1500PS191ECTPA',0,23,16,1278.673,0.000,1930.000,1.000,0.000,0,0,0'
16,'0100389802',0,'TERMINE',1341.890,1930.000,'M1500PS191ECTPA',0,31,16,1282.742,171.460,0.960,1.632,102.000,69608,69608,0'
16,'0100389802',0,'TERMINE',1341.890,1930.000,'M1500PS191ECTPA',0,31,16,1282.742,178.762,0.672,1.344,50.000,69609,69609,0'
16,'0100389802',0,'TERMINE',1341.890,1930.000,'M1500PS191ECTPA',0,23,16,1282.732,0.000,1930.000,1.000,0.000,0,0,0'
16,'0100389802',0,'TERMINE',1341.890,1930.000,'M1500PS191ECTPA',0,31,16,1283.294,40.096,0.672,2.209,58.000,69611,69611,0'
16,'0100389802',0,'TERMINE',1341.890,1930.000,'M1500PS191ECTPA',0,31,16,1285.544,40.000,0.768,1.632,69.000,69612,69612,0'
16,'0100389802',0,'TERMINE',1341.890,1930.000,'M1500PS191ECTPA',0,28,16,1285.544,40.192,0.480,1.152,23.000,69613,69613,0'
16,'0100389802',0,'TERMINE',1341.890,1930.000,'M1500PS191ECTPA',0,23,16,1287.545,0.000,1930.000,1.000,0.000,0,0,0'
16,'0100389802',0,'TERMINE',1341.890,1930.000,'M1500PS191ECTPA',0,31,16,1289.186,491.573,0.960,4.993,215.000,69615,69615,0'
16,'0100389802',0,'TERMINE',1341.890,1930.000,'M1500PS191ECTPA',0,31,16,1289.203,492.149,0.288,1.536,21.000,69616,69616,0'
16,'0100389802',0,'TERMINE',1341.890,1930.000,'M1500PS191ECTPA',0,28,16,1291.438,560.136,0.480,0.672,21.000,69617,69617,0'
16,'0100389802',0,'TERMINE',1341.890,1930.000,'M1500PS191ECTPA',0,28,16,1291.438,571.348,0.672,0.672,24.000,69618,69618,0'
16,'0100389802',0,'TERMINE',1341.890,1930.000,'M1500PS191ECTPA',0,23,16,1294.752,0.000,1930.000,1.000,0.000,0,0,0'
16,'0100389802',0,'TERMINE',1341.890,1930.000,'M1500PS191ECTPA',0,28,16,1294.769,58.245,0.576,0.672,20.000,69620,69620,0'
16,'0100389802',0,'TERMINE',1341.890,1930.000,'M1500PS191ECTPA',0,30,16,1296.382,119.798,4.129,0.480,38.000,69621,69621,0'
16,'0100389802',0,'TERMINE',1341.890,1930.000,'M1500PS191ECTPA',0,23,16,1300.900,0.000,1930.000,1.000,0.000,0,0,0'
16,'0100389802',0,'TERMINE',1341.890,1930.000,'M1500PS191ECTPA',0,31,16,1302.195,1278.553,0.672,4.897,115.000,69623,69623,0'
16,'0100389802',0,'TERMINE',1341.890,1930.000,'M1500PS191ECTPA',0,23,16,1309.735,0.000,1930.000,1.000,0.000,0,0,0'
16,'0100389802',0,'TERMINE',1341.890,1930.000,'M1500PS191ECTPA',0,23,16,1319.626,0.000,1930.000,1.000,0.000,0,0,0'
16,'0100389802',0,'TERMINE',1341.890,1930.000,'M1500PS191ECTPA',0,28,16,1321.402,55.748,0.672,0.768,24.000,69626,69626,0'
16,'0100389802',0,'TERMINE',1341.890,1930.000,'M1500PS191ECTPA',0,30,16,1326.407,1872.930,3.553,0.384,48.000,69627,69627,0'
16,'0100389802',0,'TERMINE',1341.890,1930.000,'M1500PS191ECTPA',0,31,16,1327.116,574.732,1.056,6.050,310.000,69628,69628,0'
16,'0100389802',0,'TERMINE',1341.890,1930.000,'M1500PS191ECTPA',0,31,16,1327.116,587.384,0.960,6.434,302.000,69629,69629,0'
16,'0100389802',0,'TERMINE',1341.890,1930.000,'M1500PS191ECTPA',0,28,16,1327.133,575.116,0.960,1.056,56.000,69630,69630,0'
16,'0100389802',0,'TERMINE',1341.890,1930.000,'M1500PS191ECTPA',0,31,16,1327.133,575.404,0.384,2.113,34.000,69631,69631,0'
16,'0100389802',0,'TERMINE',1341.890,1930.000,'M1500PS191ECTPA',0,28,16,1327.682,1876.003,0.768,0.960,34.000,69632,69632,0'
16,'0100389802',0,'TERMINE',1341.890,1930.000,'M1500PS191ECTPA',0,23,16,1330.150,0.000,1930.000,1.000,0.000,0,0,0'
16,'0100389802',0,'TERMINE',1341.890,1930.000,'M1500PS191ECTPA',0,28,16,1331.240,1127.235,0.864,1.248,72.000,69634,69634,0'
16,'0100389802',0,'TERMINE',1341.890,1930.000,'M1500PS191ECTPA',0,28,16,1331.240,1127.235,0.864,1.152,58.000,69635,69635,0'
16,'0100389802',0,'TERMINE',1341.890,1930.000,'M1500PS191ECTPA',0,28,16,1331.256,1127.523,0.864,0.960,50.000,69636,69636,0'
16,'0100389802',0,'TERMINE',1341.890,1930.000,'M1500PS191ECTPA',0,28,16,1331.256,1127.523,0.768,0.864,44.000,69637,69637,0'
16,'0100389802',0,'TERMINE',1341.890,1930.000,'M1500PS191ECTPA',0,31,16,1334.107,291.305,1.056,3.841,246.000,69638,69638,0'
16,'0100389802',0,'TERMINE',1341.890,1930.000,'M1500PS191ECTPA',0,31,16,1334.107,291.497,0.768,3.553,194.000,69639,69639,0'
16,'0100389802',0,'TERMINE',1341.890,1930.000,'M1500PS191ECTPA',0,23,16,1334.476,0.000,1930.000,1.000,0.000,0,0,0'
16,'0100389802',0,'TERMINE',1341.890,1930.000,'M1500PS191ECTPA',0,28,16,1337.227,1905.099,0.768,0.576,24.000,69641,69641,0'
16,'0100389802',0,'TERMINE',1341.890,1930.000,'M1500PS191ECTPA',0,23,16,1337.425,0.000,1930.000,1.000,0.000,0,0,0'
16,'0100389802',0,'TERMINE',1341.890,1930.000,'M1500PS191ECTPA',0,23,16,1340.668,0.000,1930.000,1.000,0.000,0,0,0'
16,'0100389802',0,'TERMINE',1341.890,1930.000,'M1500PS191ECTPA',0,23,16,1340.930,0.000,1930.000,1.000,0.000,0,0,0'
16,'0100389802',0,'TERMINE',1341.890,1930.000,'M1500PS191ECTPA',0,23,16,1341.889,0.000,1930.000,1.000,0.000,0,0,0'
