2471,'01 389800_74353',0,'TERMINE',1234.890,0.000,'1500EV6/AI',0,15,2471,16.269,1278.398,0.540,1.139,0.000,2,2,0'
2471,'01 389800_74353',0,'TERMINE',1234.890,0.000,'1500EV6/AI',0,26,2471,16.282,979.505,2.210,0.810,0.000,3,3,0'
2471,'01 389800_74353',0,'TERMINE',1234.890,0.000,'1500EV6/AI',0,24,2471,17.559,725.803,3.038,7.146,0.000,7,7,0'
2471,'01 389800_74353',0,'TERMINE',1234.890,0.000,'1500EV6/AI',0,27,2471,22.065,1659.076,1.102,2.116,0.000,11,11,0'
2471,'01 389800_74353',0,'TERMINE',1234.890,0.000,'1500EV6/AI',0,28,2471,31.012,1704.136,1.417,0.167,0.000,16,16,0'
2471,'01 389800_74353',0,'TERMINE',1234.890,0.000,'1500EV6/AI',0,27,2471,34.372,1525.238,0.780,1.627,0.000,17,17,0'
2471,'01 389800_74353',0,'TERMINE',1234.890,0.000,'1500EV6/AI',0,15,2471,44.902,950.719,0.527,1.137,0.000,30,30,0'
2471,'01 389800_74353',0,'TERMINE',1234.890,0.000,'1500EV6/AI',0,29,2471,56.112,1165.526,7.910,97.500,0.000,39,39,0'
2471,'01 389800_74353',0,'TERMINE',1234.890,0.000,'1500EV6/AI',0,29,2471,58.869,578.080,3.877,5.136,0.000,41,41,0'
2471,'01 389800_74353',0,'TERMINE',1234.890,0.000,'1500EV6/AI',0,26,2471,58.870,1363.892,5.134,1.477,0.000,42,42,0'
2471,'01 389800_74353',0,'TERMINE',1234.890,0.000,'1500EV6/AI',0,13,2471,59.179,1167.060,2.717,4.465,0.000,47,47,0'
2471,'01 389800_74353',0,'TERMINE',1234.890,0.000,'1500EV6/AI',0,24,2471,81.118,1549.402,1.252,2.441,0.000,49,49,0'
2471,'01 389800_74353',0,'TERMINE',1234.890,0.000,'1500EV6/AI',0,15,2471,98.959,501.341,0.731,0.974,0.000,51,51,0'
2471,'01 389800_74353',0,'TERMINE',1234.890,0.000,'1500EV6/AI',0,15,2471,105.492,1422.954,1.225,0.975,0.000,53,53,0'
2471,'01 389800_74353',0,'TERMINE',1234.890,0.000,'1500EV6/AI',0,13,2471,149.378,1475.813,3.923,7.161,0.000,56,56,0'
2471,'01 389800_74353',0,'TERMINE',1234.890,0.000,'1500EV6/AI',0,26,2471,150.802,1345.458,2.246,0.494,0.000,58,58,0'
2471,'01 389800_74353',0,'TERMINE',1234.890,0.000,'1500EV6/AI',0,27,2471,161.339,1679.527,0.787,1.302,0.000,63,63,0'
2471,'01 389800_74353',0,'TERMINE',1234.890,0.000,'1500EV6/AI',0,29,2471,165.348,950.721,0.527,2.112,0.000,64,64,0'
2471,'01 389800_74353',0,'TERMINE',1234.890,0.000,'1500EV6/AI',0,15,2471,197.337,435.734,0.893,0.815,0.000,68,68,0'
2471,'01 389800_74353',0,'TERMINE',1234.890,0.000,'1500EV6/AI',0,15,2471,210.161,1364.076,0.642,0.652,0.000,71,71,0'
2471,'01 389800_74353',0,'TERMINE',1234.890,0.000,'1500EV6/AI',0,29,2471,223.470,309.517,2.812,2.965,0.000,73,73,0'
2471,'01 389800_74353',0,'TERMINE',1234.890,0.000,'1500EV6/AI',0,24,2471,236.881,861.802,2.519,7.309,0.000,76,76,0'
2471,'01 389800_74353',0,'TERMINE',1234.890,0.000,'1500EV6/AI',0,26,2471,247.761,1507.037,14.732,3.627,0.000,77,77,0'
2471,'01 389800_74353',0,'TERMINE',1234.890,0.000,'1500EV6/AI',0,26,2471,247.759,1552.858,27.104,4.303,0.000,78,78,0'
2471,'01 389800_74353',0,'TERMINE',1234.890,0.000,'1500EV6/AI',0,27,2471,248.947,513.574,0.498,1.786,0.000,82,82,0'
2471,'01 389800_74353',0,'TERMINE',1234.890,0.000,'1500EV6/AI',0,13,2471,263.089,1304.336,1.950,1.630,0.000,85,85,0'
2471,'01 389800_74353',0,'TERMINE',1234.890,0.000,'1500EV6/AI',0,24,2471,270.148,1271.423,1.787,2.118,0.000,87,87,0'
2471,'01 389800_74353',0,'TERMINE',1234.890,0.000,'1500EV6/AI',0,13,2471,295.058,1056.778,0.961,0.811,0.000,90,90,0'
2471,'01 389800_74353',0,'TERMINE',1234.890,0.000,'1500EV6/AI',0,27,2471,295.342,1679.370,0.787,1.790,0.000,92,92,0'
2471,'01 389800_74353',0,'TERMINE',1234.890,0.000,'1500EV6/AI',0,13,2471,320.882,1159.877,2.249,5.514,0.000,93,93,0'
2471,'01 389800_74353',0,'TERMINE',1234.890,0.000,'1500EV6/AI',0,26,2471,322.974,1552.511,16.599,3.268,0.000,98,98,0'
2471,'01 389800_74353',0,'TERMINE',1234.890,0.000,'1500EV6/AI',0,26,2471,322.955,1686.486,6.140,0.668,0.000,99,99,0'
2471,'01 389800_74353',0,'TERMINE',1234.890,0.000,'1500EV6/AI',0,13,2471,337.803,1055.178,1.067,1.136,0.000,102,102,0'
2471,'01 389800_74353',0,'TERMINE',1234.890,0.000,'1500EV6/AI',0,13,2471,349.023,92.720,0.695,0.650,0.000,105,105,0'
2471,'01 389800_74353',0,'TERMINE',1234.890,0.000,'1500EV6/AI',0,13,2471,370.692,896.413,0.630,0.814,0.000,107,107,0'
2471,'01 389800_74353',0,'TERMINE',1234.890,0.000,'1500EV6/AI',0,26,2471,370.946,1376.932,5.775,0.665,0.000,115,115,0'
2471,'01 389800_74353',0,'TERMINE',1234.890,0.000,'1500EV6/AI',0,26,2471,370.941,1540.306,11.584,2.780,0.000,116,116,0'
2471,'01 389800_74353',0,'TERMINE',1234.890,0.000,'1500EV6/AI',0,26,2471,370.951,1192.170,9.132,5.910,0.000,118,118,0'
2471,'01 389800_74353',0,'TERMINE',1234.890,0.000,'1500EV6/AI',0,26,2471,370.950,1264.561,5.581,0.650,0.000,119,119,0'
2471,'01 389800_74353',0,'TERMINE',1234.890,0.000,'1500EV6/AI',0,26,2471,370.948,1322.955,2.659,0.650,0.000,120,120,0'
2471,'01 389800_74353',0,'TERMINE',1234.890,0.000,'1500EV6/AI',0,13,2471,441.985,1685.786,3.502,6.185,0.000,129,129,0'
2471,'01 389800_74353',0,'TERMINE',1234.890,0.000,'1500EV6/AI',0,13,2471,464.761,1105.453,0.901,0.815,0.000,133,133,0'
2471,'01 389800_74353',0,'TERMINE',1234.890,0.000,'1500EV6/AI',0,29,2471,471.092,647.261,1.537,14.719,0.000,136,136,0'
2471,'01 389800_74353',0,'TERMINE',1234.890,0.000,'1500EV6/AI',0,13,2471,510.038,1230.041,2.232,6.406,0.000,139,139,0'
2471,'01 389800_74353',0,'TERMINE',1234.890,0.000,'1500EV6/AI',0,29,2471,516.536,1447.035,2.198,3.416,0.000,142,142,0'
2471,'01 389800_74353',0,'TERMINE',1234.890,0.000,'1500EV6/AI',0,29,2471,518.443,1447.209,0.785,2.927,0.000,144,144,0'
2471,'01 389800_74353',0,'TERMINE',1234.890,0.000,'1500EV6/AI',0,15,2471,529.773,169.768,0.635,1.625,0.000,146,146,0'
2471,'01 389800_74353',0,'TERMINE',1234.890,0.000,'1500EV6/AI',0,26,2471,540.362,387.867,3.916,0.652,0.000,148,148,0'
2471,'01 389800_74353',0,'TERMINE',1234.890,0.000,'1500EV6/AI',0,15,2471,552.316,1059.797,0.801,0.812,0.000,150,150,0'
2471,'01 389800_74353',0,'TERMINE',1234.890,0.000,'1500EV6/AI',0,24,2471,555.008,799.872,1.429,2.761,0.000,152,152,0'
2471,'01 389800_74353',0,'TERMINE',1234.890,0.000,'1500EV6/AI',0,13,2471,563.905,1468.071,3.140,3.461,0.000,154,154,0'
2471,'01 389800_74353',0,'TERMINE',1234.890,0.000,'1500EV6/AI',0,13,2471,582.703,1141.267,2.220,3.986,0.000,157,157,0'
2471,'01 389800_74353',0,'TERMINE',1234.890,0.000,'1500EV6/AI',0,13,2471,589.270,641.085,0.660,0.651,0.000,161,161,0'
2471,'01 389800_74353',0,'TERMINE',1234.890,0.000,'1500EV6/AI',0,15,2471,594.277,1632.765,1.417,1.792,0.000,164,164,0'
2471,'01 389800_74353',0,'TERMINE',1234.890,0.000,'1500EV6/AI',0,13,2471,596.817,84.386,3.204,5.376,0.000,166,166,0'
2471,'01 389800_74353',0,'TERMINE',1234.890,0.000,'1500EV6/AI',0,26,2471,597.477,1637.667,19.770,3.900,0.000,168,168,0'
2471,'01 389800_74353',0,'TERMINE',1234.890,0.000,'1500EV6/AI',0,15,2471,657.195,509.024,1.096,0.652,0.000,173,173,0'
2471,'01 389800_74353',0,'TERMINE',1234.890,0.000,'1500EV6/AI',0,13,2471,657.801,1168.210,3.528,4.274,0.000,175,175,0'
2471,'01 389800_74353',0,'TERMINE',1234.890,0.000,'1500EV6/AI',0,13,2471,665.141,116.531,0.707,0.815,0.000,178,178,0'
2471,'01 389800_74353',0,'TERMINE',1234.890,0.000,'1500EV6/AI',0,15,2471,665.192,1284.178,1.300,1.954,0.000,179,179,0'
2471,'01 389800_74353',0,'TERMINE',1234.890,0.000,'1500EV6/AI',0,13,2471,679.180,795.191,1.588,1.629,0.000,182,182,0'
2471,'01 389800_74353',0,'TERMINE',1234.890,0.000,'1500EV6/AI',0,26,2471,687.942,986.012,2.541,0.647,0.000,185,185,0'
2471,'01 389800_74353',0,'TERMINE',1234.890,0.000,'1500EV6/AI',0,29,2471,710.320,1325.954,1.283,2.604,0.000,187,187,0'
2471,'01 389800_74353',0,'TERMINE',1234.890,0.000,'1500EV6/AI',0,13,2471,728.921,112.981,3.537,7.657,0.000,189,189,0'
2471,'01 389800_74353',0,'TERMINE',1234.890,0.000,'1500EV6/AI',0,15,2471,733.890,1060.318,0.533,0.974,0.000,192,192,0'
2471,'01 389800_74353',0,'TERMINE',1234.890,0.000,'1500EV6/AI',0,13,2471,745.443,1256.753,1.820,2.275,0.000,194,194,0'
2471,'01 389800_74353',0,'TERMINE',1234.890,0.000,'1500EV6/AI',0,28,2471,751.621,708.001,1.621,0.811,0.000,196,196,0'
2471,'01 389800_74353',0,'TERMINE',1234.890,0.000,'1500EV6/AI',0,29,2471,751.618,1203.379,4.427,5.632,0.000,197,197,0'
2471,'01 389800_74353',0,'TERMINE',1234.890,0.000,'1500EV6/AI',0,26,2471,751.614,1356.972,3.529,0.650,0.000,200,200,0'
2471,'01 389800_74353',0,'TERMINE',1234.890,0.000,'1500EV6/AI',0,26,2471,751.601,1453.658,211.118,13.194,0.000,202,202,0'
2471,'01 389800_74353',0,'TERMINE',1234.890,0.000,'1500EV6/AI',0,15,2471,758.396,1013.732,1.112,1.624,0.000,208,208,0'
2471,'01 389800_74353',0,'TERMINE',1234.890,0.000,'1500EV6/AI',0,28,2471,761.640,1654.874,2.362,0.494,0.000,212,212,0'
2471,'01 389800_74353',0,'TERMINE',1234.890,0.000,'1500EV6/AI',0,24,2471,782.807,837.904,1.889,1.785,0.000,215,215,0'
2471,'01 389800_74353',0,'TERMINE',1234.890,0.000,'1500EV6/AI',0,15,2471,790.570,1271.923,0.975,1.140,0.000,216,216,0'
2471,'01 389800_74353',0,'TERMINE',1234.890,0.000,'1500EV6/AI',0,24,2471,798.304,762.889,1.279,1.623,0.000,218,218,0'
2471,'01 389800_74353',0,'TERMINE',1234.890,0.000,'1500EV6/AI',0,13,2471,802.496,285.014,1.115,1.460,0.000,219,219,0'
2471,'01 389800_74353',0,'TERMINE',1234.890,0.000,'1500EV6/AI',0,13,2471,841.341,111.367,2.653,2.919,0.000,225,225,0'
2471,'01 389800_74353',0,'TERMINE',1234.890,0.000,'1500EV6/AI',0,13,2471,843.841,105.396,6.170,15.462,0.000,227,227,0'
2471,'01 389800_74353',0,'TERMINE',1234.890,0.000,'1500EV6/AI',0,13,2471,868.335,1435.517,4.710,8.775,0.000,231,231,0'
2471,'01 389800_74353',0,'TERMINE',1234.890,0.000,'1500EV6/AI',0,13,2471,886.107,1359.272,0.709,0.650,0.000,234,234,0'
2471,'01 389800_74353',0,'TERMINE',1234.890,0.000,'1500EV6/AI',0,13,2471,895.494,1357.138,0.642,0.650,0.000,236,236,0'
2471,'01 389800_74353',0,'TERMINE',1234.890,0.000,'1500EV6/AI',0,29,2471,899.432,126.061,0.641,3.573,0.000,239,239,0'
2471,'01 389800_74353',0,'TERMINE',1234.890,0.000,'1500EV6/AI',0,13,2471,907.079,1208.853,2.960,5.713,0.000,243,243,0'
2471,'01 389800_74353',0,'TERMINE',1234.890,0.000,'1500EV6/AI',0,13,2471,909.446,1384.273,1.050,0.977,0.000,247,247,0'
2471,'01 389800_74353',0,'TERMINE',1234.890,0.000,'1500EV6/AI',0,27,2471,918.777,552.252,0.812,2.749,0.000,249,249,0'
2471,'01 389800_74353',0,'TERMINE',1234.890,0.000,'1500EV6/AI',0,26,2471,920.301,440.922,11.993,6.028,0.000,252,252,0'
2471,'01 389800_74353',0,'TERMINE',1234.890,0.000,'1500EV6/AI',0,26,2471,920.305,406.717,2.136,0.489,0.000,253,253,0'
2471,'01 389800_74353',0,'TERMINE',1234.890,0.000,'1500EV6/AI',0,26,2471,920.314,732.004,9.275,0.834,0.000,254,254,0'
2471,'01 389800_74353',0,'TERMINE',1234.890,0.000,'1500EV6/AI',0,13,2471,928.326,1071.169,4.165,6.673,0.000,260,260,0'
2471,'01 389800_74353',0,'TERMINE',1234.890,0.000,'1500EV6/AI',0,13,2471,955.031,294.528,2.115,2.444,0.000,263,263,0'
2471,'01 389800_74353',0,'TERMINE',1234.890,0.000,'1500EV6/AI',0,15,2471,955.284,1127.933,0.721,1.137,0.000,266,266,0'
2471,'01 389800_74353',0,'TERMINE',1234.890,0.000,'1500EV6/AI',0,13,2471,959.439,1330.562,1.772,2.280,0.000,267,267,0'
2471,'01 389800_74353',0,'TERMINE',1234.890,0.000,'1500EV6/AI',0,13,2471,965.978,1391.628,1.050,0.815,0.000,269,269,0'
2471,'01 389800_74353',0,'TERMINE',1234.890,0.000,'1500EV6/AI',0,13,2471,966.842,777.980,0.635,0.651,0.000,271,271,0'
2471,'01 389800_74353',0,'TERMINE',1234.890,0.000,'1500EV6/AI',0,13,2471,969.884,928.786,2.100,3.418,0.000,274,274,0'
2471,'01 389800_74353',0,'TERMINE',1234.890,0.000,'1500EV6/AI',0,13,2471,970.431,870.497,0.702,1.137,0.000,276,276,0'
2471,'01 389800_74353',0,'TERMINE',1234.890,0.000,'1500EV6/AI',0,28,2471,975.532,1633.365,4.093,0.987,0.000,281,281,0'
2471,'01 389800_74353',0,'TERMINE',1234.890,0.000,'1500EV6/AI',0,13,2471,976.595,701.267,3.081,4.709,0.000,318,318,0'
2471,'01 389800_74353',0,'TERMINE',1234.890,0.000,'1500EV6/AI',0,13,2471,977.586,363.768,1.768,1.788,0.000,320,320,0'
2471,'01 389800_74353',0,'TERMINE',1234.890,0.000,'1500EV6/AI',0,15,2471,978.283,118.479,0.641,0.488,0.000,322,322,0'
2471,'01 389800_74353',0,'TERMINE',1234.890,0.000,'1500EV6/AI',0,13,2471,981.393,1140.171,2.164,4.332,0.000,324,324,0'
2471,'01 389800_74353',0,'TERMINE',1234.890,0.000,'1500EV6/AI',0,13,2471,986.991,177.196,3.437,2.827,0.000,328,328,0'
2471,'01 389800_74353',0,'TERMINE',1234.890,0.000,'1500EV6/AI',0,13,2471,989.172,260.553,0.879,0.815,0.000,333,333,0'
2471,'01 389800_74353',0,'TERMINE',1234.890,0.000,'1500EV6/AI',0,13,2471,991.649,201.238,1.061,1.138,0.000,335,335,0'
2471,'01 389800_74353',0,'TERMINE',1234.890,0.000,'1500EV6/AI',0,13,2471,991.712,181.785,1.061,0.977,0.000,336,336,0'
2471,'01 389800_74353',0,'TERMINE',1234.890,0.000,'1500EV6/AI',0,13,2471,994.628,304.055,1.058,0.977,0.000,339,339,0'
2471,'01 389800_74353',0,'TERMINE',1234.890,0.000,'1500EV6/AI',0,13,2471,995.138,236.825,0.703,0.650,0.000,341,341,0'
2471,'01 389800_74353',0,'TERMINE',1234.890,0.000,'1500EV6/AI',0,24,2471,998.843,89.768,1.736,1.788,0.000,343,343,0'
2471,'01 389800_74353',0,'TERMINE',1234.890,0.000,'1500EV6/AI',0,13,2471,998.801,210.955,0.707,0.973,0.000,344,344,0'
2471,'01 389800_74353',0,'TERMINE',1234.890,0.000,'1500EV6/AI',0,15,2471,1002.453,466.530,1.075,0.813,0.000,348,348,0'
2471,'01 389800_74353',0,'TERMINE',1234.890,0.000,'1500EV6/AI',0,24,2471,1005.199,885.987,1.417,1.136,0.000,350,350,0'
2471,'01 389800_74353',0,'TERMINE',1234.890,0.000,'1500EV6/AI',0,15,2471,1008.097,59.383,0.868,0.652,0.000,351,351,0'
2471,'01 389800_74353',0,'TERMINE',1234.890,0.000,'1500EV6/AI',0,15,2471,1014.605,1125.797,0.721,0.814,0.000,353,353,0'
2471,'01 389800_74353',0,'TERMINE',1234.890,0.000,'1500EV6/AI',0,15,2471,1016.462,98.103,1.042,1.303,0.000,356,356,0'
2471,'01 389800_74353',0,'TERMINE',1234.890,0.000,'1500EV6/AI',0,13,2471,1025.979,519.403,3.655,3.316,0.000,359,359,0'
2471,'01 389800_74353',0,'TERMINE',1234.890,0.000,'1500EV6/AI',0,29,2471,1030.591,187.431,3.643,4.073,0.000,363,363,0'
2471,'01 389800_74353',0,'TERMINE',1234.890,0.000,'1500EV6/AI',0,15,2471,1030.696,1455.751,0.523,0.650,0.000,364,364,0'
2471,'01 389800_74353',0,'TERMINE',1234.890,0.000,'1500EV6/AI',0,13,2471,1033.521,688.701,0.895,0.815,0.000,367,367,0'
2471,'01 389800_74353',0,'TERMINE',1234.890,0.000,'1500EV6/AI',0,13,2471,1033.847,924.577,0.875,0.977,0.000,370,370,0'
2471,'01 389800_74353',0,'TERMINE',1234.890,0.000,'1500EV6/AI',0,13,2471,1043.423,1143.780,2.390,4.478,0.000,372,372,0'
2471,'01 389800_74353',0,'TERMINE',1234.890,0.000,'1500EV6/AI',0,13,2471,1049.326,173.096,1.061,0.977,0.000,376,376,0'
2471,'01 389800_74353',0,'TERMINE',1234.890,0.000,'1500EV6/AI',0,13,2471,1050.646,1186.560,3.349,4.746,0.000,378,378,0'
2471,'01 389800_74353',0,'TERMINE',1234.890,0.000,'1500EV6/AI',0,13,2471,1053.049,562.860,2.456,4.351,0.000,385,385,0'
2471,'01 389800_74353',0,'TERMINE',1234.890,0.000,'1500EV6/AI',0,24,2471,1058.302,230.169,1.270,1.459,0.000,391,391,0'
2471,'01 389800_74353',0,'TERMINE',1234.890,0.000,'1500EV6/AI',0,13,2471,1059.555,1271.544,3.961,6.662,0.000,392,392,0'
2471,'01 389800_74353',0,'TERMINE',1234.890,0.000,'1500EV6/AI',0,13,2471,1067.279,140.910,0.707,0.489,0.000,395,395,0'
2471,'01 389800_74353',0,'TERMINE',1234.890,0.000,'1500EV6/AI',0,13,2471,1067.818,291.699,0.705,0.652,0.000,397,397,0'
2471,'01 389800_74353',0,'TERMINE',1234.890,0.000,'1500EV6/AI',0,13,2471,1068.979,222.405,1.054,0.815,0.000,400,400,0'
2471,'01 389800_74353',0,'TERMINE',1234.890,0.000,'1500EV6/AI',0,13,2471,1076.041,452.354,1.433,2.932,0.000,403,403,0'
2471,'01 389800_74353',0,'TERMINE',1234.890,0.000,'1500EV6/AI',0,13,2471,1076.531,470.443,1.075,0.652,0.000,405,405,0'
2471,'01 389800_74353',0,'TERMINE',1234.890,0.000,'1500EV6/AI',9,15,2471,1079.249,630.470,0.908,0.977,0.000,408,408,0'
2471,'01 389800_74353',0,'TERMINE',1234.890,0.000,'1500EV6/AI',0,13,2471,1079.959,136.839,1.415,1.463,0.000,410,410,0'
2471,'01 389800_74353',0,'TERMINE',1234.890,0.000,'1500EV6/AI',0,13,2471,1080.513,1457.492,0.785,0.815,0.000,412,412,0'
2471,'01 389800_74353',0,'TERMINE',1234.890,0.000,'1500EV6/AI',0,13,2471,1080.991,55.910,1.042,1.140,0.000,416,416,0'
2471,'01 389800_74353',0,'TERMINE',1234.890,0.000,'1500EV6/AI',0,13,2471,1081.389,77.093,1.215,0.815,0.000,418,418,0'
2471,'01 389800_74353',0,'TERMINE',1234.890,0.000,'1500EV6/AI',0,13,2471,1081.920,104.701,1.042,0.975,0.000,419,419,0'
2471,'01 389800_74353',0,'TERMINE',1234.890,0.000,'1500EV6/AI',0,13,2471,1082.035,58.167,2.084,2.113,0.000,420,420,0'
2471,'01 389800_74353',0,'TERMINE',1234.890,0.000,'1500EV6/AI',0,13,2471,1083.857,329.785,0.953,0.975,0.000,424,424,0'
2471,'01 389800_74353',0,'TERMINE',1234.890,0.000,'1500EV6/AI',0,13,2471,1084.013,206.695,1.238,1.140,0.000,425,425,0'
2471,'01 389800_74353',0,'TERMINE',1234.890,0.000,'1500EV6/AI',0,13,2471,1085.433,204.219,1.238,1.138,0.000,430,430,0'
2471,'01 389800_74353',0,'TERMINE',1234.890,0.000,'1500EV6/AI',0,13,2471,1085.386,251.043,0.703,0.811,0.000,431,431,0'
2471,'01 389800_74353',0,'TERMINE',1234.890,0.000,'1500EV6/AI',0,13,2471,1085.641,609.763,0.908,0.815,0.000,436,436,0'
2471,'01 389800_74353',0,'TERMINE',1234.890,0.000,'1500EV6/AI',0,13,2471,1087.714,291.694,1.763,1.792,0.000,438,438,0'
2471,'01 389800_74353',0,'TERMINE',1234.890,0.000,'1500EV6/AI',0,15,2471,1088.604,86.643,0.961,0.652,0.000,440,440,0'
2471,'01 389800_74353',0,'TERMINE',1234.890,0.000,'1500EV6/AI',0,15,2471,1089.532,783.584,0.794,0.974,0.000,442,442,0'
2471,'01 389800_74353',0,'TERMINE',1234.890,0.000,'1500EV6/AI',0,15,2471,1089.766,103.833,1.042,0.652,0.000,445,445,0'
2471,'01 389800_74353',0,'TERMINE',1234.890,0.000,'1500EV6/AI',0,13,2471,1089.975,281.472,0.705,0.815,0.000,446,446,0'
2471,'01 389800_74353',0,'TERMINE',1234.890,0.000,'1500EV6/AI',0,13,2471,1091.158,1298.536,0.900,0.652,0.000,448,448,0'
2471,'01 389800_74353',0,'TERMINE',1234.890,0.000,'1500EV6/AI',0,15,2471,1091.764,202.096,0.531,0.650,0.000,450,450,0'
2471,'01 389800_74353',0,'TERMINE',1234.890,0.000,'1500EV6/AI',0,13,2471,1091.949,1409.469,2.053,2.443,0.000,451,451,0'
2471,'01 389800_74353',0,'TERMINE',1234.890,0.000,'1500EV6/AI',0,13,2471,1093.443,174.331,0.884,0.813,0.000,455,455,0'
2471,'01 389800_74353',0,'TERMINE',1234.890,0.000,'1500EV6/AI',0,15,2471,1093.864,1470.923,0.942,0.650,0.000,457,457,0'
2471,'01 389800_74353',0,'TERMINE',1234.890,0.000,'1500EV6/AI',0,13,2471,1094.534,1408.769,3.158,5.534,0.000,460,460,0'
2471,'01 389800_74353',0,'TERMINE',1234.890,0.000,'1500EV6/AI',0,13,2471,1095.387,436.767,1.070,1.138,0.000,463,463,0'
2471,'01 389800_74353',0,'TERMINE',1234.890,0.000,'1500EV6/AI',0,13,2471,1095.581,364.441,0.707,0.650,0.000,464,464,0'
2471,'01 389800_74353',0,'TERMINE',1234.890,0.000,'1500EV6/AI',0,13,2471,1095.998,676.330,0.716,0.814,0.000,468,468,0'
2471,'01 389800_74353',0,'TERMINE',1234.890,0.000,'1500EV6/AI',0,13,2471,1096.924,101.923,0.868,0.975,0.000,470,470,0'
2471,'01 389800_74353',0,'TERMINE',1234.890,0.000,'1500EV6/AI',0,13,2471,1097.246,228.378,1.054,1.300,0.000,473,473,0'
2471,'01 389800_74353',0,'TERMINE',1234.890,0.000,'1500EV6/AI',0,15,2471,1099.115,445.004,0.717,0.652,0.000,477,477,0'
2471,'01 389800_74353',0,'TERMINE',1234.890,0.000,'1500EV6/AI',0,13,2471,1099.763,1197.075,2.960,5.693,0.000,479,479,0'
2471,'01 389800_74353',0,'TERMINE',1234.890,0.000,'1500EV6/AI',0,13,2471,1100.056,1237.800,2.974,5.591,0.000,481,481,0'
2471,'01 389800_74353',0,'TERMINE',1234.890,0.000,'1500EV6/AI',0,13,2471,1100.548,422.015,0.712,0.650,0.000,487,487,0'
2471,'01 389800_74353',0,'TERMINE',1234.890,0.000,'1500EV6/AI',0,15,2471,1101.127,226.098,0.703,0.650,0.000,490,490,0'
2471,'01 389800_74353',0,'TERMINE',1234.890,0.000,'1500EV6/AI',0,13,2471,1101.929,436.060,1.425,1.627,0.000,492,492,0'
2471,'01 389800_74353',0,'TERMINE',1234.890,0.000,'1500EV6/AI',0,13,2471,1102.014,1419.965,1.050,0.815,0.000,493,493,0'
2471,'01 389800_74353',0,'TERMINE',1234.890,0.000,'1500EV6/AI',0,24,2471,1102.753,182.113,0.884,0.815,0.000,496,496,0'
2471,'01 389800_74353',0,'TERMINE',1234.890,0.000,'1500EV6/AI',0,13,2471,1103.173,1053.726,1.067,0.815,0.000,498,498,0'
2471,'01 389800_74353',0,'TERMINE',1234.890,0.000,'1500EV6/AI',0,13,2471,1103.214,430.012,0.712,0.489,0.000,500,500,0'
2471,'01 389800_74353',0,'TERMINE',1234.890,0.000,'1500EV6/AI',0,13,2471,1104.275,1319.023,0.886,0.652,0.000,507,507,0'
2471,'01 389800_74353',0,'TERMINE',1234.890,0.000,'1500EV6/AI',0,13,2471,1104.999,416.485,0.712,0.652,0.000,508,508,0'
2471,'01 389800_74353',0,'TERMINE',1234.890,0.000,'1500EV6/AI',0,13,2471,1105.100,1378.496,0.875,0.975,0.000,509,509,0'
2471,'01 389800_74353',0,'TERMINE',1234.890,0.000,'1500EV6/AI',0,13,2471,1105.725,1562.246,2.035,2.443,0.000,512,512,0'
2471,'01 389800_74353',0,'TERMINE',1234.890,0.000,'1500EV6/AI',0,13,2471,1105.969,207.225,0.884,0.977,0.000,516,516,0'
2471,'01 389800_74353',0,'TERMINE',1234.890,0.000,'1500EV6/AI',0,13,2471,1106.015,75.531,1.215,1.138,0.000,517,517,0'
2471,'01 389800_74353',0,'TERMINE',1234.890,0.000,'1500EV6/AI',0,13,2471,1106.437,1365.993,0.886,1.137,0.000,518,518,0'
2471,'01 389800_74353',0,'TERMINE',1234.890,0.000,'1500EV6/AI',0,13,2471,1106.861,79.003,0.868,0.977,0.000,521,521,0'
2471,'01 389800_74353',0,'TERMINE',1234.890,0.000,'1500EV6/AI',0,15,2471,1107.115,1052.663,0.641,0.651,0.000,525,525,0'
2471,'01 389800_74353',0,'TERMINE',1234.890,0.000,'1500EV6/AI',0,15,2471,1107.205,1361.038,0.886,0.976,0.000,526,526,0'
2471,'01 389800_74353',0,'TERMINE',1234.890,0.000,'1500EV6/AI',0,13,2471,1107.512,1221.602,3.332,6.598,0.000,527,527,0'
2471,'01 389800_74353',0,'TERMINE',1234.890,0.000,'1500EV6/AI',0,13,2471,1107.636,1447.726,0.872,1.139,0.000,528,528,0'
2471,'01 389800_74353',0,'TERMINE',1234.890,0.000,'1500EV6/AI',0,29,2471,1107.925,399.046,3.340,6.028,0.000,533,533,0'
2471,'01 389800_74353',0,'TERMINE',1234.890,0.000,'1500EV6/AI',0,15,2471,1108.172,205.289,0.635,0.652,0.000,534,534,0'
2471,'01 389800_74353',0,'TERMINE',1234.890,0.000,'1500EV6/AI',0,13,2471,1108.371,433.581,0.890,0.815,0.000,536,536,0'
2471,'01 389800_74353',0,'TERMINE',1234.890,0.000,'1500EV6/AI',0,13,2471,1109.307,175.579,1.238,1.300,0.000,540,540,0'
2471,'01 389800_74353',0,'TERMINE',1234.890,0.000,'1500EV6/AI',0,13,2471,1109.266,203.344,0.707,0.652,0.000,541,541,0'
2471,'01 389800_74353',0,'TERMINE',1234.890,0.000,'1500EV6/AI',0,15,2471,1109.294,1249.630,0.990,0.812,0.000,542,542,0'
2471,'01 389800_74353',0,'TERMINE',1234.890,0.000,'1500EV6/AI',0,13,2471,1111.350,223.466,0.879,0.977,0.000,547,547,0'
2471,'01 389800_74353',0,'TERMINE',1234.890,0.000,'1500EV6/AI',0,13,2471,1111.907,333.511,1.112,1.140,0.000,550,550,0'
2471,'01 389800_74353',0,'TERMINE',1234.890,0.000,'1500EV6/AI',0,13,2471,1111.986,1147.402,2.822,4.357,0.000,551,551,0'
2471,'01 389800_74353',0,'TERMINE',1234.890,0.000,'1500EV6/AI',0,13,2471,1112.161,1596.362,0.787,0.650,0.000,559,559,0'
2471,'01 389800_74353',0,'TERMINE',1234.890,0.000,'1500EV6/AI',0,13,2471,1112.664,446.285,1.254,1.303,0.000,566,566,0'
2471,'01 389800_74353',0,'TERMINE',1234.890,0.000,'1500EV6/AI',0,13,2471,1112.809,228.558,0.879,0.977,0.000,567,567,0'
2471,'01 389800_74353',0,'TERMINE',1234.890,0.000,'1500EV6/AI',0,13,2471,1112.846,208.473,0.884,0.975,0.000,569,569,0'
2471,'01 389800_74353',0,'TERMINE',1234.890,0.000,'1500EV6/AI',0,13,2471,1113.843,161.778,0.794,0.652,0.000,573,573,0'
2471,'01 389800_74353',0,'TERMINE',1234.890,0.000,'1500EV6/AI',0,13,2471,1113.851,952.112,0.527,0.651,0.000,574,574,0'
2471,'01 389800_74353',0,'TERMINE',1234.890,0.000,'1500EV6/AI',0,29,2471,1114.042,168.145,0.531,2.607,0.000,576,576,0'
2471,'01 389800_74353',0,'TERMINE',1234.890,0.000,'1500EV6/AI',0,13,2471,1113.975,641.376,0.727,0.977,0.000,577,577,0'
2471,'01 389800_74353',0,'TERMINE',1234.890,0.000,'1500EV6/AI',0,13,2471,1114.196,224.336,1.230,0.975,0.000,585,585,0'
2471,'01 389800_74353',0,'TERMINE',1234.890,0.000,'1500EV6/AI',0,13,2471,1114.777,165.669,1.238,1.300,0.000,587,587,0'
2471,'01 389800_74353',0,'TERMINE',1234.890,0.000,'1500EV6/AI',0,13,2471,1115.002,1187.829,2.909,5.570,0.000,589,589,0'
2471,'01 389800_74353',0,'TERMINE',1234.890,0.000,'1500EV6/AI',0,28,2471,1114.923,1711.601,2.047,0.493,0.000,591,591,0'
2471,'01 389800_74353',0,'TERMINE',1234.890,0.000,'1500EV6/AI',0,13,2471,1115.496,1165.693,2.636,3.919,0.000,598,598,0'
2471,'01 389800_74353',0,'TERMINE',1234.890,0.000,'1500EV6/AI',0,15,2471,1115.376,246.653,1.230,1.950,0.000,599,599,0'
2471,'01 389800_74353',0,'TERMINE',1234.890,0.000,'1500EV6/AI',0,13,2471,1115.486,243.312,0.879,0.652,0.000,600,600,0'
2471,'01 389800_74353',0,'TERMINE',1234.890,0.000,'1500EV6/AI',0,13,2471,1116.095,218.889,0.879,0.977,0.000,604,604,0'
2471,'01 389800_74353',0,'TERMINE',1234.890,0.000,'1500EV6/AI',0,13,2471,1116.426,1131.883,0.901,0.977,0.000,609,609,0'
2471,'01 389800_74353',0,'TERMINE',1234.890,0.000,'1500EV6/AI',0,15,2471,1116.855,960.187,0.702,0.649,0.000,612,612,0'
2471,'01 389800_74353',0,'TERMINE',1234.890,0.000,'1500EV6/AI',0,13,2471,1116.681,1115.670,0.721,0.814,0.000,615,615,0'
2471,'01 389800_74353',0,'TERMINE',1234.890,0.000,'1500EV6/AI',0,13,2471,1116.737,1473.715,0.698,0.814,0.000,618,618,0'
2471,'01 389800_74353',0,'TERMINE',1234.890,0.000,'1500EV6/AI',0,13,2471,1117.036,400.114,0.964,1.138,0.000,622,622,0'
2471,'01 389800_74353',0,'TERMINE',1234.890,0.000,'1500EV6/AI',0,13,2471,1117.104,308.625,0.705,0.975,0.000,623,623,0'
2471,'01 389800_74353',0,'TERMINE',1234.890,0.000,'1500EV6/AI',0,13,2471,1116.977,1445.632,1.047,0.978,0.000,624,624,0'
2471,'01 389800_74353',0,'TERMINE',1234.890,0.000,'1500EV6/AI',0,13,2471,1117.362,1138.736,2.227,3.572,0.000,627,627,0'
2471,'01 389800_74353',0,'TERMINE',1234.890,0.000,'1500EV6/AI',0,13,2471,1117.517,283.590,1.939,2.763,0.000,632,632,0'
2471,'01 389800_74353',0,'TERMINE',1234.890,0.000,'1500EV6/AI',0,13,2471,1117.479,707.120,0.895,0.977,0.000,633,633,0'
2471,'01 389800_74353',0,'TERMINE',1234.890,0.000,'1500EV6/AI',0,13,2471,1117.739,1272.251,0.720,0.812,0.000,636,636,0'
2471,'01 389800_74353',0,'TERMINE',1234.890,0.000,'1500EV6/AI',0,13,2471,1117.780,315.145,1.433,0.977,0.000,637,637,0'
2471,'01 389800_74353',0,'TERMINE',1234.890,0.000,'1500EV6/AI',0,13,2471,1118.073,1438.305,0.785,0.977,0.000,641,641,0'
2471,'01 389800_74353',0,'TERMINE',1234.890,0.000,'1500EV6/AI',0,13,2471,1118.171,221.527,1.757,1.955,0.000,642,642,0'
2471,'01 389800_74353',0,'TERMINE',1234.890,0.000,'1500EV6/AI',0,13,2471,1118.038,384.450,0.712,0.815,0.000,644,644,0'
2471,'01 389800_74353',0,'TERMINE',1234.890,0.000,'1500EV6/AI',0,13,2471,1118.320,150.994,0.884,0.652,0.000,647,647,0'
2471,'01 389800_74353',0,'TERMINE',1234.890,0.000,'1500EV6/AI',0,13,2471,1118.928,476.014,1.792,1.955,0.000,649,649,0'
2471,'01 389800_74353',0,'TERMINE',1234.890,0.000,'1500EV6/AI',0,13,2471,1119.144,1424.343,0.525,0.651,0.000,652,652,0'
2471,'01 389800_74353',0,'TERMINE',1234.890,0.000,'1500EV6/AI',0,13,2471,1119.530,141.087,0.531,0.652,0.000,653,653,0'
2471,'01 389800_74353',0,'TERMINE',1234.890,0.000,'1500EV6/AI',0,13,2471,1119.720,923.175,0.945,1.461,0.000,655,655,0'
2471,'01 389800_74353',0,'TERMINE',1234.890,0.000,'1500EV6/AI',0,29,2471,1119.790,261.062,3.122,9.043,0.000,666,666,0'
2471,'01 389800_74353',0,'TERMINE',1234.890,0.000,'1500EV6/AI',0,13,2471,1119.887,192.550,1.592,1.466,0.000,667,667,0'
2471,'01 389800_74353',0,'TERMINE',1234.890,0.000,'1500EV6/AI',0,13,2471,1119.909,1061.906,1.245,1.303,0.000,669,669,0'
2471,'01 389800_74353',0,'TERMINE',1234.890,0.000,'1500EV6/AI',0,13,2471,1119.975,920.550,0.700,0.812,0.000,670,670,0'
2471,'01 389800_74353',0,'TERMINE',1234.890,0.000,'1500EV6/AI',0,13,2471,1120.320,227.326,0.703,0.815,0.000,672,672,0'
2471,'01 389800_74353',0,'TERMINE',1234.890,0.000,'1500EV6/AI',0,13,2471,1120.406,205.463,1.061,1.629,0.000,673,673,0'
2471,'01 389800_74353',0,'TERMINE',1234.890,0.000,'1500EV6/AI',0,13,2471,1120.631,456.671,0.896,0.975,0.000,675,675,0'
2471,'01 389800_74353',0,'TERMINE',1234.890,0.000,'1500EV6/AI',0,13,2471,1120.570,361.797,0.884,1.303,0.000,678,678,0'
2471,'01 389800_74353',0,'TERMINE',1234.890,0.000,'1500EV6/AI',0,13,2471,1120.679,308.099,2.468,2.932,0.000,680,680,0'
2471,'01 389800_74353',0,'TERMINE',1234.890,0.000,'1500EV6/AI',0,13,2471,1120.791,1421.894,0.875,1.137,0.000,682,682,0'
2471,'01 389800_74353',0,'TERMINE',1234.890,0.000,'1500EV6/AI',0,13,2471,1121.910,105.743,0.695,0.813,0.000,685,685,0'
2471,'01 389800_74353',0,'TERMINE',1234.890,0.000,'1500EV6/AI',0,13,2471,1122.116,1093.558,2.435,8.232,0.000,687,687,0'
2471,'01 389800_74353',0,'TERMINE',1234.890,0.000,'1500EV6/AI',0,13,2471,1122.583,1108.650,0.901,0.815,0.000,692,692,0'
2471,'01 389800_74353',0,'TERMINE',1234.890,0.000,'1500EV6/AI',0,13,2471,1122.459,1404.395,0.875,0.977,0.000,693,693,0'
2471,'01 389800_74353',0,'TERMINE',1234.890,0.000,'1500EV6/AI',0,13,2471,1122.797,1133.518,2.706,3.904,0.000,697,697,0'
2471,'01 389800_74353',0,'TERMINE',1234.890,0.000,'1500EV6/AI',0,13,2471,1122.691,1469.006,1.884,2.112,0.000,699,699,0'
2471,'01 389800_74353',0,'TERMINE',1234.890,0.000,'1500EV6/AI',0,13,2471,1123.137,492.315,1.096,0.977,0.000,703,703,0'
2471,'01 389800_74353',0,'TERMINE',1234.890,0.000,'1500EV6/AI',0,13,2471,1123.806,217.134,0.879,0.815,0.000,707,707,0'
2471,'01 389800_74353',0,'TERMINE',1234.890,0.000,'1500EV6/AI',0,13,2471,1124.152,1072.579,7.367,17.896,0.000,712,712,0'
2471,'01 389800_74353',0,'TERMINE',1234.890,0.000,'1500EV6/AI',0,13,2471,1124.148,1332.501,0.886,0.651,0.000,713,713,0'
2471,'01 389800_74353',0,'TERMINE',1234.890,0.000,'1500EV6/AI',0,13,2471,1124.403,1405.270,1.050,1.462,0.000,714,714,0'
2471,'01 389800_74353',0,'TERMINE',1234.890,0.000,'1500EV6/AI',9,15,2471,1124.528,1544.858,1.096,0.978,0.000,715,715,0'
2471,'01 389800_74353',0,'TERMINE',1234.890,0.000,'1500EV6/AI',9,15,2471,1124.486,1399.846,1.105,1.137,0.000,718,718,0'
2471,'01 389800_74353',0,'TERMINE',1234.890,0.000,'1500EV6/AI',0,13,2471,1124.703,128.531,0.884,0.652,0.000,723,723,0'
2471,'01 389800_74353',0,'TERMINE',1234.890,0.000,'1500EV6/AI',0,13,2471,1124.734,366.222,0.884,0.813,0.000,725,725,0'
2471,'01 389800_74353',0,'TERMINE',1234.890,0.000,'1500EV6/AI',0,13,2471,1125.103,926.151,1.050,0.978,0.000,726,726,0'
2471,'01 389800_74353',0,'TERMINE',1234.890,0.000,'1500EV6/AI',0,13,2471,1125.185,1180.841,2.347,4.885,0.000,727,727,0'
2471,'01 389800_74353',0,'TERMINE',1234.890,0.000,'1500EV6/AI',0,13,2471,1125.331,1062.621,2.243,3.743,0.000,734,734,0'
2471,'01 389800_74353',0,'TERMINE',1234.890,0.000,'1500EV6/AI',0,13,2471,1125.760,245.776,0.635,0.652,0.000,735,735,0'
2471,'01 389800_74353',0,'TERMINE',1234.890,0.000,'1500EV6/AI',0,13,2471,1125.928,336.154,2.122,2.118,0.000,736,736,0'
2471,'01 389800_74353',0,'TERMINE',1234.890,0.000,'1500EV6/AI',0,13,2471,1126.356,705.330,0.716,0.652,0.000,740,740,0'
2471,'01 389800_74353',0,'TERMINE',1234.890,0.000,'1500EV6/AI',0,13,2471,1126.323,855.385,0.787,0.814,0.000,741,741,0'
2471,'01 389800_74353',0,'TERMINE',1234.890,0.000,'1500EV6/AI',0,13,2471,1126.221,255.439,0.703,0.815,0.000,742,742,0'
2471,'01 389800_74353',0,'TERMINE',1234.890,0.000,'1500EV6/AI',0,13,2471,1126.601,1271.171,1.080,1.140,0.000,748,748,0'
2471,'01 389800_74353',0,'TERMINE',1234.890,0.000,'1500EV6/AI',0,13,2471,1126.827,1081.644,1.245,2.766,0.000,751,751,0'
2471,'01 389800_74353',0,'TERMINE',1234.890,0.000,'1500EV6/AI',0,13,2471,1126.761,1295.656,1.080,0.975,0.000,752,752,0'
2471,'01 389800_74353',0,'TERMINE',1234.890,0.000,'1500EV6/AI',0,13,2471,1127.060,104.354,0.868,0.813,0.000,753,753,0'
2471,'01 389800_74353',0,'TERMINE',1234.890,0.000,'1500EV6/AI',0,13,2471,1127.003,1348.450,1.418,1.462,0.000,755,755,0'
2471,'01 389800_74353',0,'TERMINE',1234.890,0.000,'1500EV6/AI',0,13,2471,1127.257,890.626,2.975,3.095,0.000,756,756,0'
2471,'01 389800_74353',0,'TERMINE',1234.890,0.000,'1500EV6/AI',0,13,2471,1127.122,1271.891,0.900,0.812,0.000,757,757,0'
2471,'01 389800_74353',0,'TERMINE',1234.890,0.000,'1500EV6/AI',0,13,2471,1127.020,356.666,0.707,0.652,0.000,758,758,0'
2471,'01 389800_74353',0,'TERMINE',1234.890,0.000,'1500EV6/AI',0,13,2471,1127.438,276.539,1.058,0.973,0.000,769,769,0'
2471,'01 389800_74353',0,'TERMINE',1234.890,0.000,'1500EV6/AI',0,13,2471,1127.361,192.196,1.061,0.813,0.000,770,770,0'
2471,'01 389800_74353',0,'TERMINE',1234.890,0.000,'1500EV6/AI',0,13,2471,1127.340,1064.928,3.190,6.015,0.000,771,771,0'
2471,'01 389800_74353',0,'TERMINE',1234.890,0.000,'1500EV6/AI',0,13,2471,1127.628,517.878,3.219,3.954,0.000,780,780,0'
2471,'01 389800_74353',0,'TERMINE',1234.890,0.000,'1500EV6/AI',9,15,2471,1127.573,183.347,1.415,1.303,0.000,781,781,0'
2471,'01 389800_74353',0,'TERMINE',1234.890,0.000,'1500EV6/AI',0,13,2471,1127.841,1089.108,0.889,2.115,0.000,783,783,0'
2471,'01 389800_74353',0,'TERMINE',1234.890,0.000,'1500EV6/AI',0,13,2471,1127.775,432.678,1.602,1.466,0.000,785,785,0'
2471,'01 389800_74353',0,'TERMINE',1234.890,0.000,'1500EV6/AI',0,13,2471,1127.666,1088.397,0.889,1.627,0.000,786,786,0'
2471,'01 389800_74353',0,'TERMINE',1234.890,0.000,'1500EV6/AI',0,13,2471,1127.801,1077.016,1.423,1.791,0.000,787,787,0'
2471,'01 389800_74353',0,'TERMINE',1234.890,0.000,'1500EV6/AI',0,24,2471,1128.026,1077.584,13.470,79.461,0.000,790,790,0'
2471,'01 389800_74353',0,'TERMINE',1234.890,0.000,'1500EV6/AI',0,13,2471,1128.354,665.944,0.895,0.815,0.000,795,795,0'
2471,'01 389800_74353',0,'TERMINE',1234.890,0.000,'1500EV6/AI',0,13,2471,1128.351,1459.759,0.628,0.652,0.000,796,796,0'
2471,'01 389800_74353',0,'TERMINE',1234.890,0.000,'1500EV6/AI',0,13,2471,1128.655,1088.748,1.067,1.303,0.000,802,802,0'
2471,'01 389800_74353',0,'TERMINE',1234.890,0.000,'1500EV6/AI',0,13,2471,1129.551,1451.040,1.395,1.300,0.000,807,807,0'
2471,'01 389800_74353',0,'TERMINE',1234.890,0.000,'1500EV6/AI',0,13,2471,1129.735,1415.421,0.875,0.975,0.000,813,813,0'
2471,'01 389800_74353',0,'TERMINE',1234.890,0.000,'1500EV6/AI',0,13,2471,1129.850,1394.947,1.050,1.137,0.000,815,815,0'
2471,'01 389800_74353',0,'TERMINE',1234.890,0.000,'1500EV6/AI',0,13,2471,1129.704,422.011,0.712,0.813,0.000,816,816,0'
2471,'01 389800_74353',0,'TERMINE',1234.890,0.000,'1500EV6/AI',9,15,2471,1129.735,1384.448,0.700,0.650,0.000,817,817,0'
2471,'01 389800_74353',0,'TERMINE',1234.890,0.000,'1500EV6/AI',0,13,2471,1129.811,1073.472,19.129,47.838,0.000,820,820,0'
2471,'01 389800_74353',0,'TERMINE',1234.890,0.000,'1500EV6/AI',0,13,2471,1129.953,1402.822,1.050,1.137,0.000,827,827,0'
2471,'01 389800_74353',0,'TERMINE',1234.890,0.000,'1500EV6/AI',0,13,2471,1130.244,1371.499,1.050,0.975,0.000,829,829,0'
2471,'01 389800_74353',0,'TERMINE',1234.890,0.000,'1500EV6/AI',0,13,2471,1130.144,146.752,1.238,1.303,0.000,830,830,0'
2471,'01 389800_74353',0,'TERMINE',1234.890,0.000,'1500EV6/AI',0,13,2471,1130.171,1068.849,0.801,0.652,0.000,831,831,0'
2471,'01 389800_74353',0,'TERMINE',1234.890,0.000,'1500EV6/AI',0,13,2471,1130.183,1372.199,0.525,0.814,0.000,833,833,0'
2471,'01 389800_74353',0,'TERMINE',1234.890,0.000,'1500EV6/AI',0,13,2471,1130.472,223.284,0.879,0.813,0.000,839,839,0'
2471,'01 389800_74353',0,'TERMINE',1234.890,0.000,'1500EV6/AI',0,13,2471,1130.468,543.486,3.152,4.439,0.000,840,840,0'
2471,'01 389800_74353',0,'TERMINE',1234.890,0.000,'1500EV6/AI',0,13,2471,1130.453,1403.520,1.105,1.137,0.000,842,842,0'
2471,'01 389800_74353',0,'TERMINE',1234.890,0.000,'1500EV6/AI',0,13,2471,1130.551,1386.372,1.750,2.112,0.000,843,843,0'
2471,'01 389800_74353',0,'TERMINE',1234.890,0.000,'1500EV6/AI',0,13,2471,1131.003,248.414,0.703,0.489,0.000,848,848,0'
2471,'01 389800_74353',0,'TERMINE',1234.890,0.000,'1500EV6/AI',0,13,2471,1130.867,1478.950,1.744,2.280,0.000,849,849,0'
2471,'01 389800_74353',0,'TERMINE',1234.890,0.000,'1500EV6/AI',0,13,2471,1130.979,1349.520,1.063,0.815,0.000,850,850,0'
2471,'01 389800_74353',0,'TERMINE',1234.890,0.000,'1500EV6/AI',0,13,2471,1131.320,725.077,0.709,0.652,0.000,854,854,0'
2471,'01 389800_74353',0,'TERMINE',1234.890,0.000,'1500EV6/AI',0,13,2471,1131.267,207.055,0.635,0.813,0.000,855,855,0'
2471,'01 389800_74353',0,'TERMINE',1234.890,0.000,'1500EV6/AI',0,13,2471,1131.158,1151.141,2.398,5.355,0.000,856,856,0'
2471,'01 389800_74353',0,'TERMINE',1234.890,0.000,'1500EV6/AI',9,15,2471,1131.358,1411.394,1.225,1.465,0.000,860,860,0'
2471,'01 389800_74353',0,'TERMINE',1234.890,0.000,'1500EV6/AI',0,13,2471,1132.184,198.563,0.884,1.629,0.000,861,861,0'
2471,'01 389800_74353',0,'TERMINE',1234.890,0.000,'1500EV6/AI',0,13,2471,1132.183,355.604,1.112,0.977,0.000,862,862,0'
2471,'01 389800_74353',0,'TERMINE',1234.890,0.000,'1500EV6/AI',9,15,2471,1132.299,242.433,0.879,0.977,0.000,863,863,0'
2471,'01 389800_74353',0,'TERMINE',1234.890,0.000,'1500EV6/AI',0,13,2471,1132.474,129.058,0.801,0.652,0.000,866,866,0'
2471,'01 389800_74353',0,'TERMINE',1234.890,0.000,'1500EV6/AI',0,13,2471,1132.665,359.846,0.794,0.652,0.000,872,872,0'
2471,'01 389800_74353',0,'TERMINE',1234.890,0.000,'1500EV6/AI',0,13,2471,1132.726,230.307,0.703,0.650,0.000,874,874,0'
2471,'01 389800_74353',0,'TERMINE',1234.890,0.000,'1500EV6/AI',0,13,2471,1133.787,296.101,0.705,0.813,0.000,883,883,0'
2471,'01 389800_74353',0,'TERMINE',1234.890,0.000,'1500EV6/AI',0,13,2471,1133.926,284.819,0.705,0.977,0.000,885,885,0'
2471,'01 389800_74353',0,'TERMINE',1234.890,0.000,'1500EV6/AI',0,13,2471,1134.029,220.993,3.836,8.135,0.000,887,887,0'
2471,'01 389800_74353',0,'TERMINE',1234.890,0.000,'1500EV6/AI',0,13,2471,1134.818,1214.297,0.910,0.812,0.000,891,891,0'
2471,'01 389800_74353',0,'TERMINE',1234.890,0.000,'1500EV6/AI',0,13,2471,1134.712,125.698,0.884,0.652,0.000,892,892,0'
2471,'01 389800_74353',0,'TERMINE',1234.890,0.000,'1500EV6/AI',0,13,2471,1134.962,240.676,0.794,0.813,0.000,894,894,0'
2471,'01 389800_74353',0,'TERMINE',1234.890,0.000,'1500EV6/AI',0,13,2471,1134.828,284.293,0.881,0.977,0.000,896,896,0'
2471,'01 389800_74353',0,'TERMINE',1234.890,0.000,'1500EV6/AI',0,13,2471,1134.916,1243.963,2.109,4.237,0.000,899,899,0'
2471,'01 389800_74353',0,'TERMINE',1234.890,0.000,'1500EV6/AI',0,13,2471,1134.971,288.171,0.705,0.650,0.000,901,901,0'
2471,'01 389800_74353',0,'TERMINE',1234.890,0.000,'1500EV6/AI',0,13,2471,1135.357,124.817,0.884,0.813,0.000,906,906,0'
2471,'01 389800_74353',0,'TERMINE',1234.890,0.000,'1500EV6/AI',0,13,2471,1135.511,837.301,0.702,0.652,0.000,909,909,0'
2471,'01 389800_74353',0,'TERMINE',1234.890,0.000,'1500EV6/AI',0,13,2471,1135.806,279.183,1.058,1.466,0.000,910,910,0'
2471,'01 389800_74353',0,'TERMINE',1234.890,0.000,'1500EV6/AI',0,13,2471,1135.706,263.520,0.527,0.815,0.000,911,911,0'
2471,'01 389800_74353',0,'TERMINE',1234.890,0.000,'1500EV6/AI',0,13,2471,1136.403,114.730,1.238,2.118,0.000,920,920,0'
2471,'01 389800_74353',0,'TERMINE',1234.890,0.000,'1500EV6/AI',0,13,2471,1136.645,232.942,0.879,0.815,0.000,921,921,0'
2471,'01 389800_74353',0,'TERMINE',1234.890,0.000,'1500EV6/AI',0,13,2471,1137.069,107.662,0.884,0.977,0.000,922,922,0'
2471,'01 389800_74353',0,'TERMINE',1234.890,0.000,'1500EV6/AI',0,13,2471,1137.055,387.650,0.890,0.815,0.000,923,923,0'
2471,'01 389800_74353',0,'TERMINE',1234.890,0.000,'1500EV6/AI',0,13,2471,1137.941,119.859,2.653,3.584,0.000,931,931,0'
2471,'01 389800_74353',0,'TERMINE',1234.890,0.000,'1500EV6/AI',0,13,2471,1137.968,652.986,1.676,4.458,0.000,936,936,0'
2471,'01 389800_74353',0,'TERMINE',1234.890,0.000,'1500EV6/AI',0,13,2471,1138.303,85.080,0.868,0.815,0.000,937,937,0'
2471,'01 389800_74353',0,'TERMINE',1234.890,0.000,'1500EV6/AI',0,13,2471,1138.245,124.987,1.061,0.977,0.000,940,940,0'
2471,'01 389800_74353',0,'TERMINE',1234.890,0.000,'1500EV6/AI',0,13,2471,1138.185,123.219,0.707,0.813,0.000,941,941,0'
2471,'01 389800_74353',0,'TERMINE',1234.890,0.000,'1500EV6/AI',0,13,2471,1138.356,161.418,2.476,1.955,0.000,945,945,0'
2471,'01 389800_74353',0,'TERMINE',1234.890,0.000,'1500EV6/AI',0,13,2471,1138.544,141.431,5.762,10.842,0.000,948,948,0'
2471,'01 389800_74353',0,'TERMINE',1234.890,0.000,'1500EV6/AI',0,13,2471,1138.510,146.559,1.592,1.792,0.000,949,949,0'
2471,'01 389800_74353',0,'TERMINE',1234.890,0.000,'1500EV6/AI',0,13,2471,1138.621,58.862,1.215,0.977,0.000,950,950,0'
2471,'01 389800_74353',0,'TERMINE',1234.890,0.000,'1500EV6/AI',0,13,2471,1138.567,141.611,0.884,0.813,0.000,952,952,0'
2471,'01 389800_74353',0,'TERMINE',1234.890,0.000,'1500EV6/AI',0,13,2471,1139.925,493.027,1.645,1.950,0.000,955,955,0'
2471,'01 389800_74353',0,'TERMINE',1234.890,0.000,'1500EV6/AI',0,13,2471,1140.689,607.246,2.021,4.469,0.000,961,961,0'
2471,'01 389800_74353',0,'TERMINE',1234.890,0.000,'1500EV6/AI',0,13,2471,1140.747,301.218,0.705,0.652,0.000,968,968,0'
2471,'01 389800_74353',0,'TERMINE',1234.890,0.000,'1500EV6/AI',0,13,2471,1141.330,981.602,0.527,0.651,0.000,972,972,0'
2471,'01 389800_74353',0,'TERMINE',1234.890,0.000,'1500EV6/AI',0,13,2471,1141.075,348.707,0.884,0.652,0.000,973,973,0'
2471,'01 389800_74353',0,'TERMINE',1234.890,0.000,'1500EV6/AI',0,13,2471,1141.414,415.768,0.712,0.813,0.000,978,978,0'
2471,'01 389800_74353',0,'TERMINE',1234.890,0.000,'1500EV6/AI',9,29,2471,1142.001,569.594,2.672,4.675,0.000,979,979,0'
2471,'01 389800_74353',0,'TERMINE',1234.890,0.000,'1500EV6/AI',0,13,2471,1142.808,210.241,0.707,0.652,0.000,984,984,0'
2471,'01 389800_74353',0,'TERMINE',1234.890,0.000,'1500EV6/AI',0,13,2471,1143.088,1188.969,3.083,5.195,0.000,991,991,0'
2471,'01 389800_74353',0,'TERMINE',1234.890,0.000,'1500EV6/AI',9,15,2471,1143.365,1527.269,0.523,0.650,0.000,994,994,0'
2471,'01 389800_74353',0,'TERMINE',1234.890,0.000,'1500EV6/AI',0,13,2471,1143.937,192.904,0.707,0.813,0.000,996,996,0'
2471,'01 389800_74353',0,'TERMINE',1234.890,0.000,'1500EV6/AI',0,13,2471,1144.327,156.119,0.707,0.650,0.000,998,998,0'
2471,'01 389800_74353',0,'TERMINE',1234.890,0.000,'1500EV6/AI',0,13,2471,1144.444,1065.631,1.121,1.140,0.000,999,999,0'
2471,'01 389800_74353',0,'TERMINE',1234.890,0.000,'1500EV6/AI',0,13,2471,1144.467,1273.139,0.650,0.975,0.000,1000,1000,0'
2471,'01 389800_74353',0,'TERMINE',1234.890,0.000,'1500EV6/AI',0,13,2471,1144.623,944.384,0.947,0.652,0.000,1001,1001,0'
2471,'01 389800_74353',0,'TERMINE',1234.890,0.000,'1500EV6/AI',0,13,2471,1145.368,413.810,0.890,0.977,0.000,1010,1010,0'
2471,'01 389800_74353',0,'TERMINE',1234.890,0.000,'1500EV6/AI',0,13,2471,1146.327,869.600,0.630,0.651,0.000,1016,1016,0'
2471,'01 389800_74353',0,'TERMINE',1234.890,0.000,'1500EV6/AI',0,13,2471,1146.697,890.625,0.700,1.302,0.000,1020,1020,0'
2471,'01 389800_74353',0,'TERMINE',1234.890,0.000,'1500EV6/AI',0,13,2471,1147.160,1091.771,1.067,0.815,0.000,1022,1022,0'
2471,'01 389800_74353',0,'TERMINE',1234.890,0.000,'1500EV6/AI',0,13,2471,1147.382,999.585,0.707,0.652,0.000,1025,1025,0'
2471,'01 389800_74353',0,'TERMINE',1234.890,0.000,'1500EV6/AI',0,13,2471,1148.218,1104.667,0.901,0.815,0.000,1028,1028,0'
2471,'01 389800_74353',0,'TERMINE',1234.890,0.000,'1500EV6/AI',0,13,2471,1149.432,1391.617,1.105,1.462,0.000,1032,1032,0'
2471,'01 389800_74353',0,'TERMINE',1234.890,0.000,'1500EV6/AI',0,13,2471,1151.816,1117.452,1.081,1.303,0.000,1037,1037,0'
2471,'01 389800_74353',0,'TERMINE',1234.890,0.000,'1500EV6/AI',0,13,2471,1151.854,1337.627,1.595,2.437,0.000,1038,1038,0'
2471,'01 389800_74353',0,'TERMINE',1234.890,0.000,'1500EV6/AI',0,13,2471,1152.246,1167.169,3.341,3.312,0.000,1042,1042,0'
2471,'01 389800_74353',0,'TERMINE',1234.890,0.000,'1500EV6/AI',0,13,2471,1156.407,1018.834,0.794,1.137,0.000,1044,1044,0'
2471,'01 389800_74353',0,'TERMINE',1234.890,0.000,'1500EV6/AI',0,13,2471,1157.902,1039.152,0.953,1.140,0.000,1048,1048,0'
2471,'01 389800_74353',0,'TERMINE',1234.890,0.000,'1500EV6/AI',0,13,2471,1160.575,1147.973,2.489,4.541,0.000,1054,1054,0'
2471,'01 389800_74353',0,'TERMINE',1234.890,0.000,'1500EV6/AI',0,13,2471,1160.810,1089.277,1.245,0.653,0.000,1056,1056,0'
2471,'01 389800_74353',0,'TERMINE',1234.890,0.000,'1500EV6/AI',0,13,2471,1161.280,1052.295,1.602,2.279,0.000,1058,1058,0'
2471,'01 389800_74353',0,'TERMINE',1234.890,0.000,'1500EV6/AI',0,13,2471,1162.521,932.619,0.789,0.814,0.000,1059,1059,0'
2471,'01 389800_74353',0,'TERMINE',1234.890,0.000,'1500EV6/AI',0,13,2471,1164.425,1072.019,0.961,0.652,0.000,1063,1063,0'
2471,'01 389800_74353',0,'TERMINE',1234.890,0.000,'1500EV6/AI',0,13,2471,1166.668,1272.576,0.812,1.790,0.000,1065,1065,0'
2471,'01 389800_74353',0,'TERMINE',1234.890,0.000,'1500EV6/AI',0,13,2471,1166.850,1146.649,2.529,2.886,0.000,1066,1066,0'
2471,'01 389800_74353',0,'TERMINE',1234.890,0.000,'1500EV6/AI',0,13,2471,1167.388,1078.070,0.889,0.652,0.000,1070,1070,0'
2471,'01 389800_74353',0,'TERMINE',1234.890,0.000,'1500EV6/AI',0,13,2471,1168.783,1005.407,0.953,0.977,0.000,1075,1075,0'
2471,'01 389800_74353',0,'TERMINE',1234.890,0.000,'1500EV6/AI',0,13,2471,1168.991,1007.883,1.590,1.466,0.000,1078,1078,0'
2471,'01 389800_74353',0,'TERMINE',1234.890,0.000,'1500EV6/AI',0,13,2471,1169.811,1064.378,0.533,0.975,0.000,1079,1079,0'
2471,'01 389800_74353',0,'TERMINE',1234.890,0.000,'1500EV6/AI',0,13,2471,1170.016,959.481,1.263,1.140,0.000,1080,1080,0'
2471,'01 389800_74353',0,'TERMINE',1234.890,0.000,'1500EV6/AI',0,13,2471,1171.506,935.426,1.580,1.954,0.000,1086,1086,0'
2471,'01 389800_74353',0,'TERMINE',1234.890,0.000,'1500EV6/AI',0,13,2471,1171.843,198.016,1.768,1.629,0.000,1087,1087,0'
2471,'01 389800_74353',0,'TERMINE',1234.890,0.000,'1500EV6/AI',0,13,2471,1172.273,945.433,1.755,2.923,0.000,1089,1089,0'
2471,'01 389800_74353',0,'TERMINE',1234.890,0.000,'1500EV6/AI',0,13,2471,1172.362,74.489,1.389,0.977,0.000,1090,1090,0'
2471,'01 389800_74353',0,'TERMINE',1234.890,0.000,'1500EV6/AI',0,13,2471,1173.617,88.386,0.695,0.815,0.000,1094,1094,0'
2471,'01 389800_74353',0,'TERMINE',1234.890,0.000,'1500EV6/AI',0,13,2471,1173.987,55.051,1.042,0.977,0.000,1097,1097,0'
2471,'01 389800_74353',0,'TERMINE',1234.890,0.000,'1500EV6/AI',0,13,2471,1174.610,292.039,1.058,1.140,0.000,1100,1100,0'
2471,'01 389800_74353',0,'TERMINE',1234.890,0.000,'1500EV6/AI',0,13,2471,1174.466,242.777,1.230,1.463,0.000,1101,1101,0'
2471,'01 389800_74353',0,'TERMINE',1234.890,0.000,'1500EV6/AI',0,13,2471,1174.833,138.949,1.061,1.300,0.000,1104,1104,0'
2471,'01 389800_74353',0,'TERMINE',1234.890,0.000,'1500EV6/AI',0,13,2471,1175.270,259.826,0.879,0.652,0.000,1105,1105,0'
2471,'01 389800_74353',0,'TERMINE',1234.890,0.000,'1500EV6/AI',0,13,2471,1175.834,158.932,3.906,3.578,0.000,1107,1107,0'
2471,'01 389800_74353',0,'TERMINE',1234.890,0.000,'1500EV6/AI',0,13,2471,1175.865,156.987,3.448,11.918,0.000,1108,1108,0'
2471,'01 389800_74353',0,'TERMINE',1234.890,0.000,'1500EV6/AI',0,13,2471,1176.300,270.193,1.230,1.138,0.000,1111,1111,0'
2471,'01 389800_74353',0,'TERMINE',1234.890,0.000,'1500EV6/AI',0,13,2471,1176.256,145.669,0.707,0.815,0.000,1113,1113,0'
2471,'01 389800_74353',0,'TERMINE',1234.890,0.000,'1500EV6/AI',0,13,2471,1176.479,98.286,1.215,1.140,0.000,1114,1114,0'
2471,'01 389800_74353',0,'TERMINE',1234.890,0.000,'1500EV6/AI',0,13,2471,1176.573,91.514,1.042,0.815,0.000,1115,1115,0'
2471,'01 389800_74353',0,'TERMINE',1234.890,0.000,'1500EV6/AI',0,13,2471,1176.762,1040.033,1.943,2.767,0.000,1121,1121,0'
2471,'01 389800_74353',0,'TERMINE',1234.890,0.000,'1500EV6/AI',0,13,2471,1176.948,289.574,4.509,4.164,0.000,1122,1122,0'
2471,'01 389800_74353',0,'TERMINE',1234.890,0.000,'1500EV6/AI',0,13,2471,1177.099,162.823,1.415,2.275,0.000,1123,1123,0'
2471,'01 389800_74353',0,'TERMINE',1234.890,0.000,'1500EV6/AI',0,13,2471,1176.811,289.221,0.705,0.815,0.000,1124,1124,0'
2471,'01 389800_74353',0,'TERMINE',1234.890,0.000,'1500EV6/AI',0,13,2471,1177.301,967.210,1.229,2.116,0.000,1127,1127,0'
2471,'01 389800_74353',0,'TERMINE',1234.890,0.000,'1500EV6/AI',0,13,2471,1177.172,53.158,0.868,0.813,0.000,1129,1129,0'
2471,'01 389800_74353',0,'TERMINE',1234.890,0.000,'1500EV6/AI',0,13,2471,1177.807,208.627,1.945,2.932,0.000,1132,1132,0'
2471,'01 389800_74353',0,'TERMINE',1234.890,0.000,'1500EV6/AI',0,13,2471,1178.229,114.367,0.707,1.466,0.000,1135,1135,0'
2471,'01 389800_74353',0,'TERMINE',1234.890,0.000,'1500EV6/AI',0,13,2471,1178.090,122.855,0.884,1.140,0.000,1136,1136,0'
2471,'01 389800_74353',0,'TERMINE',1234.890,0.000,'1500EV6/AI',0,13,2471,1179.052,1510.708,0.698,0.812,0.000,1138,1138,0'
2471,'01 389800_74353',0,'TERMINE',1234.890,0.000,'1500EV6/AI',0,13,2471,1179.411,88.235,0.868,0.650,0.000,1141,1141,0'
2471,'01 389800_74353',0,'TERMINE',1234.890,0.000,'1500EV6/AI',0,13,2471,1179.704,189.881,1.238,1.300,0.000,1143,1143,0'
2471,'01 389800_74353',0,'TERMINE',1234.890,0.000,'1500EV6/AI',0,13,2471,1180.058,143.547,1.061,1.466,0.000,1146,1146,0'
2471,'01 389800_74353',0,'TERMINE',1234.890,0.000,'1500EV6/AI',0,13,2471,1180.199,55.592,1.736,1.625,0.000,1147,1147,0'
2471,'01 389800_74353',0,'TERMINE',1234.890,0.000,'1500EV6/AI',0,13,2471,1180.511,66.357,1.563,1.625,0.000,1149,1149,0'
2471,'01 389800_74353',0,'TERMINE',1234.890,0.000,'1500EV6/AI',0,13,2471,1181.692,1422.255,1.750,1.787,0.000,1150,1150,0'
2471,'01 389800_74353',0,'TERMINE',1234.890,0.000,'1500EV6/AI',0,13,2471,1181.626,1313.778,8.389,19.792,0.000,1151,1151,0'
2471,'01 389800_74353',0,'TERMINE',1234.890,0.000,'1500EV6/AI',0,13,2471,1182.199,114.367,0.884,1.629,0.000,1155,1155,0'
2471,'01 389800_74353',0,'TERMINE',1234.890,0.000,'1500EV6/AI',0,13,2471,1183.030,191.119,0.884,0.813,0.000,1157,1157,0'
2471,'01 389800_74353',0,'TERMINE',1234.890,0.000,'1500EV6/AI',0,13,2471,1183.393,1481.413,1.395,1.791,0.000,1163,1163,0'
2471,'01 389800_74353',0,'TERMINE',1234.890,0.000,'1500EV6/AI',0,13,2471,1183.375,1335.843,0.963,2.115,0.000,1164,1164,0'
2471,'01 389800_74353',0,'TERMINE',1234.890,0.000,'1500EV6/AI',0,24,2471,1183.927,1188.674,1.746,2.861,0.000,1166,1166,0'
2471,'01 389800_74353',0,'TERMINE',1234.890,0.000,'1500EV6/AI',0,13,2471,1183.769,1473.394,1.395,1.462,0.000,1168,1168,0'
2471,'01 389800_74353',0,'TERMINE',1234.890,0.000,'1500EV6/AI',0,13,2471,1183.966,172.550,1.415,1.466,0.000,1169,1169,0'
2471,'01 389800_74353',0,'TERMINE',1234.890,0.000,'1500EV6/AI',0,13,2471,1184.240,1278.479,1.260,1.300,0.000,1174,1174,0'
2471,'01 389800_74353',0,'TERMINE',1234.890,0.000,'1500EV6/AI',0,13,2471,1184.688,182.453,1.061,1.138,0.000,1176,1176,0'
2471,'01 389800_74353',0,'TERMINE',1234.890,0.000,'1500EV6/AI',0,13,2471,1185.292,171.489,4.073,2.481,0.000,1178,1178,0'
2471,'01 389800_74353',0,'TERMINE',1234.890,0.000,'1500EV6/AI',0,13,2471,1185.746,1267.497,1.800,2.112,0.000,1181,1181,0'
2471,'01 389800_74353',0,'TERMINE',1234.890,0.000,'1500EV6/AI',0,13,2471,1185.800,91.894,2.354,11.620,0.000,1182,1182,0'
2471,'01 389800_74353',0,'TERMINE',1234.890,0.000,'1500EV6/AI',0,13,2471,1186.427,111.183,2.122,2.113,0.000,1186,1186,0'
2471,'01 389800_74353',0,'TERMINE',1234.890,0.000,'1500EV6/AI',0,13,2471,1186.852,1387.266,1.925,1.787,0.000,1189,1189,0'
2471,'01 389800_74353',0,'TERMINE',1234.890,0.000,'1500EV6/AI',0,13,2471,1187.026,1351.261,1.418,1.462,0.000,1190,1190,0'
2471,'01 389800_74353',0,'TERMINE',1234.890,0.000,'1500EV6/AI',0,13,2471,1187.103,92.074,8.151,2.724,0.000,1194,1194,0'
2471,'01 389800_74353',0,'TERMINE',1234.890,0.000,'1500EV6/AI',0,13,2471,1188.015,1147.457,2.417,3.752,0.000,1202,1202,0'
2471,'01 389800_74353',0,'TERMINE',1234.890,0.000,'1500EV6/AI',0,13,2471,1188.479,67.939,0.868,0.975,0.000,1206,1206,0'
2471,'01 389800_74353',0,'TERMINE',1234.890,0.000,'1500EV6/AI',0,13,2471,1188.298,1224.378,2.271,4.397,0.000,1207,1207,0'
2471,'01 389800_74353',0,'TERMINE',1234.890,0.000,'1500EV6/AI',0,13,2471,1188.584,248.768,5.120,14.959,0.000,1214,1214,0'
2471,'01 389800_74353',0,'TERMINE',1234.890,0.000,'1500EV6/AI',0,13,2471,1188.702,1050.134,3.201,3.095,0.000,1215,1215,0'
2471,'01 389800_74353',0,'TERMINE',1234.890,0.000,'1500EV6/AI',0,13,2471,1189.006,1059.025,1.121,1.303,0.000,1220,1220,0'
2471,'01 389800_74353',0,'TERMINE',1234.890,0.000,'1500EV6/AI',0,13,2471,1189.175,59.778,2.257,2.763,0.000,1222,1222,0'
2471,'01 389800_74353',0,'TERMINE',1234.890,0.000,'1500EV6/AI',9,15,2471,1189.422,87.559,0.961,0.977,0.000,1224,1224,0'
2471,'01 389800_74353',0,'TERMINE',1234.890,0.000,'1500EV6/AI',0,13,2471,1189.372,1036.678,0.883,0.977,0.000,1225,1225,0'
2471,'01 389800_74353',0,'TERMINE',1234.890,0.000,'1500EV6/AI',0,13,2471,1190.205,172.904,0.884,0.815,0.000,1228,1228,0'
2471,'01 389800_74353',0,'TERMINE',1234.890,0.000,'1500EV6/AI',0,13,2471,1190.466,270.029,0.703,0.977,0.000,1230,1230,0'
2471,'01 389800_74353',0,'TERMINE',1234.890,0.000,'1500EV6/AI',0,24,2471,1190.407,1002.933,0.707,0.814,0.000,1232,1232,0'
2471,'01 389800_74353',0,'TERMINE',1234.890,0.000,'1500EV6/AI',0,13,2471,1190.391,281.117,1.234,0.815,0.000,1235,1235,0'
2471,'01 389800_74353',0,'TERMINE',1234.890,0.000,'1500EV6/AI',0,13,2471,1190.662,184.045,1.061,1.629,0.000,1240,1240,0'
2471,'01 389800_74353',0,'TERMINE',1234.890,0.000,'1500EV6/AI',0,13,2471,1190.757,309.851,1.115,1.629,0.000,1241,1241,0'
2471,'01 389800_74353',0,'TERMINE',1234.890,0.000,'1500EV6/AI',0,13,2471,1190.719,171.666,1.768,1.625,0.000,1242,1242,0'
2471,'01 389800_74353',0,'TERMINE',1234.890,0.000,'1500EV6/AI',0,29,2471,1191.046,486.518,4.636,12.023,0.000,1249,1249,0'
2471,'01 389800_74353',0,'TERMINE',1234.890,0.000,'1500EV6/AI',0,26,2471,1191.047,272.840,10.666,1.436,0.000,1250,1250,0'
2471,'01 389800_74353',0,'TERMINE',1234.890,0.000,'1500EV6/AI',0,26,2471,1191.035,1638.723,9.644,7.255,0.000,1253,1253,0'
2471,'01 389800_74353',0,'TERMINE',1234.890,0.000,'1500EV6/AI',0,15,2471,1191.780,1062.761,0.711,0.652,0.000,1256,1256,0'
2471,'01 389800_74353',0,'TERMINE',1234.890,0.000,'1500EV6/AI',0,13,2471,1191.893,1086.944,1.067,1.465,0.000,1257,1257,0'
2471,'01 389800_74353',0,'TERMINE',1234.890,0.000,'1500EV6/AI',0,13,2471,1191.873,994.200,0.476,1.624,0.000,1258,1258,0'
2471,'01 389800_74353',0,'TERMINE',1234.890,0.000,'1500EV6/AI',0,13,2471,1191.977,893.621,0.700,0.814,0.000,1259,1259,0'
2471,'01 389800_74353',0,'TERMINE',1234.890,0.000,'1500EV6/AI',0,13,2471,1192.093,1372.177,1.283,1.462,0.000,1264,1264,0'
2471,'01 389800_74353',0,'TERMINE',1234.890,0.000,'1500EV6/AI',0,13,2471,1192.552,1253.327,1.092,0.975,0.000,1266,1266,0'
2471,'01 389800_74353',0,'TERMINE',1234.890,0.000,'1500EV6/AI',0,13,2471,1192.767,1048.713,0.801,0.814,0.000,1267,1267,0'
2471,'01 389800_74353',0,'TERMINE',1234.890,0.000,'1500EV6/AI',0,13,2471,1193.031,1351.262,1.063,1.140,0.000,1271,1271,0'
2471,'01 389800_74353',0,'TERMINE',1234.890,0.000,'1500EV6/AI',0,13,2471,1193.608,1102.263,5.044,8.787,0.000,1274,1274,0'
2471,'01 389800_74353',0,'TERMINE',1234.890,0.000,'1500EV6/AI',0,13,2471,1193.863,1231.850,3.685,5.683,0.000,1277,1277,0'
2471,'01 389800_74353',0,'TERMINE',1234.890,0.000,'1500EV6/AI',0,13,2471,1193.990,1086.056,0.533,0.814,0.000,1278,1278,0'
2471,'01 389800_74353',0,'TERMINE',1234.890,0.000,'1500EV6/AI',0,13,2471,1194.994,1045.688,6.104,9.763,0.000,1284,1284,0'
2471,'01 389800_74353',0,'TERMINE',1234.890,0.000,'1500EV6/AI',0,13,2471,1195.146,272.492,1.581,1.629,0.000,1286,1286,0'
2471,'01 389800_74353',0,'TERMINE',1234.890,0.000,'1500EV6/AI',0,13,2471,1195.173,145.492,1.238,1.303,0.000,1294,1294,0'
2471,'01 389800_74353',0,'TERMINE',1234.890,0.000,'1500EV6/AI',0,13,2471,1195.416,275.829,7.971,13.445,0.000,1300,1300,0'
2471,'01 389800_74353',0,'TERMINE',1234.890,0.000,'1500EV6/AI',0,13,2471,1195.870,237.519,2.636,2.769,0.000,1303,1303,0'
2471,'01 389800_74353',0,'TERMINE',1234.890,0.000,'1500EV6/AI',0,13,2471,1196.219,1536.538,0.698,0.977,0.000,1304,1304,0'
2471,'01 389800_74353',0,'TERMINE',1234.890,0.000,'1500EV6/AI',0,13,2471,1196.295,1044.981,3.376,4.071,0.000,1305,1305,0'
2471,'01 389800_74353',0,'TERMINE',1234.890,0.000,'1500EV6/AI',0,13,2471,1196.466,1140.278,4.515,6.946,0.000,1306,1306,0'
2471,'01 389800_74353',0,'TERMINE',1234.890,0.000,'1500EV6/AI',0,13,2471,1196.425,1248.049,5.307,9.444,0.000,1307,1307,0'
2471,'01 389800_74353',0,'TERMINE',1234.890,0.000,'1500EV6/AI',0,13,2471,1196.650,1091.035,0.711,1.139,0.000,1315,1315,0'
2471,'01 389800_74353',0,'TERMINE',1234.890,0.000,'1500EV6/AI',0,13,2471,1196.852,107.003,0.868,0.815,0.000,1322,1322,0'
2471,'01 389800_74353',0,'TERMINE',1234.890,0.000,'1500EV6/AI',0,13,2471,1196.876,169.897,1.061,0.975,0.000,1323,1323,0'
2471,'01 389800_74353',0,'TERMINE',1234.890,0.000,'1500EV6/AI',0,13,2471,1196.865,1022.014,0.707,0.974,0.000,1324,1324,0'
2471,'01 389800_74353',0,'TERMINE',1234.890,0.000,'1500EV6/AI',0,13,2471,1197.020,874.003,0.702,1.137,0.000,1331,1331,0'
2471,'01 389800_74353',0,'TERMINE',1234.890,0.000,'1500EV6/AI',0,13,2471,1196.967,1090.143,7.849,19.032,0.000,1332,1332,0'
2471,'01 389800_74353',0,'TERMINE',1234.890,0.000,'1500EV6/AI',0,13,2471,1197.139,1076.985,3.556,4.071,0.000,1333,1333,0'
2471,'01 389800_74353',0,'TERMINE',1234.890,0.000,'1500EV6/AI',9,13,2471,1197.111,1319.880,0.895,0.812,0.000,1334,1334,0'
2471,'01 389800_74353',0,'TERMINE',1234.890,0.000,'1500EV6/AI',0,13,2471,1197.247,1214.727,1.833,5.212,0.000,1335,1335,0'
2471,'01 389800_74353',0,'TERMINE',1234.890,0.000,'1500EV6/AI',0,13,2471,1197.216,728.594,0.640,0.651,0.000,1336,1336,0'
2471,'01 389800_74353',0,'TERMINE',1234.890,0.000,'1500EV6/AI',0,13,2471,1197.158,1014.770,5.124,7.488,0.000,1337,1337,0'
2471,'01 389800_74353',0,'TERMINE',1234.890,0.000,'1500EV6/AI',0,24,2471,1197.876,1114.877,0.721,0.814,0.000,1339,1339,0'
2471,'01 389800_74353',0,'TERMINE',1234.890,0.000,'1500EV6/AI',0,13,2471,1198.324,230.491,0.703,0.975,0.000,1344,1344,0'
2471,'01 389800_74353',0,'TERMINE',1234.890,0.000,'1500EV6/AI',0,13,2471,1198.335,904.644,1.575,1.629,0.000,1345,1345,0'
2471,'01 389800_74353',0,'TERMINE',1234.890,0.000,'1500EV6/AI',0,13,2471,1198.269,151.505,0.707,1.629,0.000,1347,1347,0'
2471,'01 389800_74353',0,'TERMINE',1234.890,0.000,'1500EV6/AI',0,15,2471,1198.469,219.768,1.058,0.977,0.000,1348,1348,0'
2471,'01 389800_74353',0,'TERMINE',1234.890,0.000,'1500EV6/AI',0,13,2471,1198.657,1007.879,0.707,0.974,0.000,1351,1351,0'
2471,'01 389800_74353',0,'TERMINE',1234.890,0.000,'1500EV6/AI',0,13,2471,1198.717,919.520,0.525,0.651,0.000,1358,1358,0'
2471,'01 389800_74353',0,'TERMINE',1234.890,0.000,'1500EV6/AI',0,24,2471,1198.817,214.627,6.670,20.790,0.000,1361,1361,0'
2471,'01 389800_74353',0,'TERMINE',1234.890,0.000,'1500EV6/AI',0,13,2471,1198.694,202.084,1.112,1.785,0.000,1364,1364,0'
2471,'01 389800_74353',0,'TERMINE',1234.890,0.000,'1500EV6/AI',0,13,2471,1198.518,1127.301,5.916,7.864,0.000,1365,1365,0'
2471,'01 389800_74353',0,'TERMINE',1234.890,0.000,'1500EV6/AI',0,13,2471,1198.713,1085.877,12.642,34.131,0.000,1366,1366,0'
2471,'01 389800_74353',0,'TERMINE',1234.890,0.000,'1500EV6/AI',0,13,2471,1198.651,1097.079,2.489,2.281,0.000,1368,1368,0'
2471,'01 389800_74353',0,'TERMINE',1234.890,0.000,'1500EV6/AI',0,13,2471,1198.732,1009.823,3.017,3.582,0.000,1370,1370,0'
2471,'01 389800_74353',0,'TERMINE',1234.890,0.000,'1500EV6/AI',9,15,2471,1199.100,164.592,0.884,1.303,0.000,1378,1378,0'
2471,'01 389800_74353',0,'TERMINE',1234.890,0.000,'1500EV6/AI',9,15,2471,1199.131,216.055,0.884,0.975,0.000,1379,1379,0'
2471,'01 389800_74353',0,'TERMINE',1234.890,0.000,'1500EV6/AI',9,15,2471,1199.027,1014.240,1.060,1.303,0.000,1380,1380,0'
2471,'01 389800_74353',0,'TERMINE',1234.890,0.000,'1500EV6/AI',9,15,2471,1199.177,1054.936,1.067,0.978,0.000,1381,1381,0'
2471,'01 389800_74353',0,'TERMINE',1234.890,0.000,'1500EV6/AI',0,13,2471,1199.366,973.713,2.282,2.606,0.000,1382,1382,0'
2471,'01 389800_74353',0,'TERMINE',1234.890,0.000,'1500EV6/AI',9,15,2471,1199.354,1084.276,0.801,0.652,0.000,1383,1383,0'
2471,'01 389800_74353',0,'TERMINE',1234.890,0.000,'1500EV6/AI',9,15,2471,1199.268,1306.561,1.260,1.300,0.000,1384,1384,0'
2471,'01 389800_74353',0,'TERMINE',1234.890,0.000,'1500EV6/AI',9,15,2471,1199.356,1510.725,0.698,0.652,0.000,1385,1385,0'
2471,'01 389800_74353',0,'TERMINE',1234.890,0.000,'1500EV6/AI',0,24,2471,1199.616,281.517,3.663,11.854,0.000,1387,1387,0'
2471,'01 389800_74353',0,'TERMINE',1234.890,0.000,'1500EV6/AI',0,24,2471,1199.598,261.810,6.352,1.447,0.000,1388,1388,0'
2471,'01 389800_74353',0,'TERMINE',1234.890,0.000,'1500EV6/AI',9,24,2471,1199.536,1045.992,1.922,2.273,0.000,1392,1392,0'
2471,'01 389800_74353',0,'TERMINE',1234.890,0.000,'1500EV6/AI',0,24,2471,1199.598,1002.616,1.588,1.948,0.000,1393,1393,0'
2471,'01 389800_74353',0,'TERMINE',1234.890,0.000,'1500EV6/AI',0,13,2471,1200.532,265.986,1.406,1.140,0.000,1398,1398,0'
2471,'01 389800_74353',0,'TERMINE',1234.890,0.000,'1500EV6/AI',0,13,2471,1199.649,227.855,7.081,5.209,0.000,1400,1400,0'
2471,'01 389800_74353',0,'TERMINE',1234.890,0.000,'1500EV6/AI',9,15,2471,1199.703,221.879,0.879,1.138,0.000,1404,1404,0'
2471,'01 389800_74353',0,'TERMINE',1234.890,0.000,'1500EV6/AI',9,15,2471,1199.807,249.994,0.879,0.813,0.000,1405,1405,0'
2471,'01 389800_74353',0,'TERMINE',1234.890,0.000,'1500EV6/AI',0,13,2471,1200.179,290.811,2.115,1.457,0.000,1406,1406,0'
2471,'01 389800_74353',0,'TERMINE',1234.890,0.000,'1500EV6/AI',0,13,2471,1200.454,334.013,0.707,0.815,0.000,1407,1407,0'
2471,'01 389800_74353',0,'TERMINE',1234.890,0.000,'1500EV6/AI',0,13,2471,1200.540,204.913,3.006,2.444,0.000,1408,1408,0'
2471,'01 389800_74353',0,'TERMINE',1234.890,0.000,'1500EV6/AI',9,15,2471,1199.783,892.218,1.050,0.978,0.000,1412,1412,0'
2471,'01 389800_74353',0,'TERMINE',1234.890,0.000,'1500EV6/AI',9,15,2471,1199.814,993.215,1.112,1.299,0.000,1413,1413,0'
2471,'01 389800_74353',0,'TERMINE',1234.890,0.000,'1500EV6/AI',0,13,2471,1199.943,1021.483,6.537,11.554,0.000,1414,1414,0'
2471,'01 389800_74353',0,'TERMINE',1234.890,0.000,'1500EV6/AI',0,13,2471,1199.923,1213.655,3.246,4.889,0.000,1415,1415,0'
2471,'01 389800_74353',0,'TERMINE',1234.890,0.000,'1500EV6/AI',9,15,2471,1199.903,1013.180,0.953,0.977,0.000,1416,1416,0'
2471,'01 389800_74353',0,'TERMINE',1234.890,0.000,'1500EV6/AI',0,13,2471,1200.042,1027.844,1.590,1.466,0.000,1417,1417,0'
2471,'01 389800_74353',0,'TERMINE',1234.890,0.000,'1500EV6/AI',9,15,2471,1200.032,872.771,0.702,0.812,0.000,1418,1418,0'
2471,'01 389800_74353',0,'TERMINE',1234.890,0.000,'1500EV6/AI',9,15,2471,1200.168,943.693,0.878,0.652,0.000,1419,1419,0'
2471,'01 389800_74353',0,'TERMINE',1234.890,0.000,'1500EV6/AI',0,13,2471,1200.117,871.718,1.732,1.629,0.000,1420,1420,0'
2471,'01 389800_74353',0,'TERMINE',1234.890,0.000,'1500EV6/AI',9,15,2471,1200.250,1041.448,0.883,0.652,0.000,1421,1421,0'
2471,'01 389800_74353',0,'TERMINE',1234.890,0.000,'1500EV6/AI',0,13,2471,1200.177,873.474,1.404,1.948,0.000,1423,1423,0'
2471,'01 389800_74353',0,'TERMINE',1234.890,0.000,'1500EV6/AI',0,13,2471,1200.395,986.175,0.527,0.651,0.000,1424,1424,0'
2471,'01 389800_74353',0,'TERMINE',1234.890,0.000,'1500EV6/AI',9,15,2471,1200.543,1129.826,1.802,1.954,0.000,1425,1425,0'
2471,'01 389800_74353',0,'TERMINE',1234.890,0.000,'1500EV6/AI',0,13,2471,1200.480,756.246,1.418,1.629,0.000,1426,1426,0'
2471,'01 389800_74353',0,'TERMINE',1234.890,0.000,'1500EV6/AI',9,15,2471,1200.612,882.943,0.700,0.812,0.000,1427,1427,0'
2471,'01 389800_74353',0,'TERMINE',1234.890,0.000,'1500EV6/AI',9,15,2471,1200.576,885.743,0.787,0.814,0.000,1428,1428,0'
2471,'01 389800_74353',0,'TERMINE',1234.890,0.000,'1500EV6/AI',0,13,2471,1200.783,1124.425,3.783,4.722,0.000,1429,1429,0'
2471,'01 389800_74353',0,'TERMINE',1234.890,0.000,'1500EV6/AI',0,13,2471,1200.530,1282.263,2.701,2.762,0.000,1431,1431,0'
2471,'01 389800_74353',0,'TERMINE',1234.890,0.000,'1500EV6/AI',0,13,2471,1200.563,1644.144,3.732,3.528,0.000,1432,1432,0'
2471,'01 389800_74353',0,'TERMINE',1234.890,0.000,'1500EV6/AI',0,24,2471,1200.984,211.628,1.588,1.296,0.000,1446,1446,0'
2471,'01 389800_74353',0,'TERMINE',1234.890,0.000,'1500EV6/AI',0,24,2471,1200.953,301.903,1.274,1.784,0.000,1447,1447,0'
2471,'01 389800_74353',0,'TERMINE',1234.890,0.000,'1500EV6/AI',0,24,2471,1200.998,1010.733,7.781,13.757,0.000,1467,1467,0'
2471,'01 389800_74353',0,'TERMINE',1234.890,0.000,'1500EV6/AI',0,24,2471,1200.946,998.982,3.335,3.733,0.000,1468,1468,0'
2471,'01 389800_74353',0,'TERMINE',1234.890,0.000,'1500EV6/AI',0,24,2471,1201.172,1026.296,3.335,3.896,0.000,1470,1470,0'
2471,'01 389800_74353',0,'TERMINE',1234.890,0.000,'1500EV6/AI',0,24,2471,1201.305,1165.198,2.324,2.597,0.000,1472,1472,0'
2471,'01 389800_74353',0,'TERMINE',1234.890,0.000,'1500EV6/AI',0,13,2471,1201.213,45.196,142.636,247.198,0.000,1488,1488,0'
2471,'01 389800_74353',0,'TERMINE',1234.890,0.000,'1500EV6/AI',0,13,2471,1201.250,221.357,1.581,2.925,0.000,1491,1491,0'
2471,'01 389800_74353',0,'TERMINE',1234.890,0.000,'1500EV6/AI',0,13,2471,1201.482,45.547,56.901,19.386,0.000,1494,1494,0'
2471,'01 389800_74353',0,'TERMINE',1234.890,0.000,'1500EV6/AI',0,13,2471,1201.588,45.547,166.089,105.213,0.000,1496,1496,0'
2471,'01 389800_74353',0,'TERMINE',1234.890,0.000,'1500EV6/AI',0,13,2471,1201.759,199.431,12.771,5.482,0.000,1498,1498,0'
2471,'01 389800_74353',0,'TERMINE',1234.890,0.000,'1500EV6/AI',0,13,2471,1202.083,180.508,16.766,7.657,0.000,1500,1500,0'
2471,'01 389800_74353',0,'TERMINE',1234.890,0.000,'1500EV6/AI',0,13,2471,1202.059,195.717,18.391,9.795,0.000,1502,1502,0'
2471,'01 389800_74353',0,'TERMINE',1234.890,0.000,'1500EV6/AI',0,24,2471,1202.216,198.370,6.845,3.473,0.000,1503,1503,0'
2471,'01 389800_74353',0,'TERMINE',1234.890,0.000,'1500EV6/AI',9,15,2471,1202.198,445.664,1.254,1.303,0.000,1504,1504,0'
2471,'01 389800_74353',0,'TERMINE',1234.890,0.000,'1500EV6/AI',0,13,2471,1202.164,183.868,2.122,2.281,0.000,1505,1505,0'
2471,'01 389800_74353',0,'TERMINE',1234.890,0.000,'1500EV6/AI',9,15,2471,1202.257,187.228,1.592,1.629,0.000,1506,1506,0'
2471,'01 389800_74353',0,'TERMINE',1234.890,0.000,'1500EV6/AI',9,15,2471,1202.230,184.752,0.884,1.950,0.000,1507,1507,0'
2471,'01 389800_74353',0,'TERMINE',1234.890,0.000,'1500EV6/AI',0,13,2471,1202.336,220.476,2.122,2.113,0.000,1509,1509,0'
2471,'01 389800_74353',0,'TERMINE',1234.890,0.000,'1500EV6/AI',9,15,2471,1202.322,186.875,0.884,0.975,0.000,1510,1510,0'
2471,'01 389800_74353',0,'TERMINE',1234.890,0.000,'1500EV6/AI',9,15,2471,1202.421,177.325,0.884,0.813,0.000,1511,1511,0'
2471,'01 389800_74353',0,'TERMINE',1234.890,0.000,'1500EV6/AI',9,15,2471,1202.679,175.556,0.531,1.137,0.000,1512,1512,0'
2471,'01 389800_74353',0,'TERMINE',1234.890,0.000,'1500EV6/AI',9,15,2471,1202.654,322.553,1.274,1.303,0.000,1513,1513,0'
2471,'01 389800_74353',0,'TERMINE',1234.890,0.000,'1500EV6/AI',0,13,2471,1202.616,307.569,2.644,2.925,0.000,1514,1514,0'
2471,'01 389800_74353',0,'TERMINE',1234.890,0.000,'1500EV6/AI',9,15,2471,1202.764,291.175,1.058,1.140,0.000,1515,1515,0'
2471,'01 389800_74353',0,'TERMINE',1234.890,0.000,'1500EV6/AI',0,13,2471,1203.009,317.264,2.115,2.438,0.000,1517,1517,0'
2471,'01 389800_74353',0,'TERMINE',1234.890,0.000,'1500EV6/AI',0,13,2471,1203.188,303.867,3.173,2.932,0.000,1518,1518,0'
2471,'01 389800_74353',0,'TERMINE',1234.890,0.000,'1500EV6/AI',0,13,2471,1203.159,308.803,1.058,2.118,0.000,1519,1519,0'
2471,'01 389800_74353',0,'TERMINE',1234.890,0.000,'1500EV6/AI',0,13,2471,1203.287,464.802,1.433,1.140,0.000,1520,1520,0'
2471,'01 389800_74353',0,'TERMINE',1234.890,0.000,'1500EV6/AI',0,13,2471,1203.284,303.514,4.619,4.073,0.000,1521,1521,0'
2471,'01 389800_74353',0,'TERMINE',1234.890,0.000,'1500EV6/AI',0,13,2471,1203.382,332.777,4.447,6.028,0.000,1522,1522,0'
2471,'01 389800_74353',0,'TERMINE',1234.890,0.000,'1500EV6/AI',9,15,2471,1202.507,845.412,1.053,1.140,0.000,1524,1524,0'
2471,'01 389800_74353',0,'TERMINE',1234.890,0.000,'1500EV6/AI',9,15,2471,1202.478,1009.650,1.237,1.303,0.000,1525,1525,0'
2471,'01 389800_74353',0,'TERMINE',1234.890,0.000,'1500EV6/AI',9,15,2471,1202.678,1119.852,0.901,0.815,0.000,1526,1526,0'
2471,'01 389800_74353',0,'TERMINE',1234.890,0.000,'1500EV6/AI',9,15,2471,1202.897,890.507,0.630,0.489,0.000,1527,1527,0'
2471,'01 389800_74353',0,'TERMINE',1234.890,0.000,'1500EV6/AI',9,15,2471,1202.811,873.675,0.630,0.651,0.000,1528,1528,0'
2471,'01 389800_74353',0,'TERMINE',1234.890,0.000,'1500EV6/AI',9,15,2471,1202.929,1009.296,1.413,1.141,0.000,1529,1529,0'
2471,'01 389800_74353',0,'TERMINE',1234.890,0.000,'1500EV6/AI',0,13,2471,1203.188,910.106,2.450,2.444,0.000,1530,1530,0'
2471,'01 389800_74353',0,'TERMINE',1234.890,0.000,'1500EV6/AI',0,13,2471,1203.170,934.779,0.700,0.812,0.000,1531,1531,0'
2471,'01 389800_74353',0,'TERMINE',1234.890,0.000,'1500EV6/AI',0,13,2471,1203.155,849.274,13.032,14.662,0.000,1532,1532,0'
2471,'01 389800_74353',0,'TERMINE',1234.890,0.000,'1500EV6/AI',0,13,2471,1203.115,907.831,1.225,1.303,0.000,1533,1533,0'
2471,'01 389800_74353',0,'TERMINE',1234.890,0.000,'1500EV6/AI',0,13,2471,1203.286,708.275,0.811,0.814,0.000,1534,1534,0'
2471,'01 389800_74353',0,'TERMINE',1234.890,0.000,'1500EV6/AI',0,13,2471,1203.385,937.754,1.400,1.466,0.000,1535,1535,0'
2471,'01 389800_74353',0,'TERMINE',1234.890,0.000,'1500EV6/AI',0,13,2471,1203.384,923.580,0.875,0.815,0.000,1536,1536,0'
2471,'01 389800_74353',0,'TERMINE',1234.890,0.000,'1500EV6/AI',0,13,2471,1203.375,829.613,1.229,1.141,0.000,1537,1537,0'
2471,'01 389800_74353',0,'TERMINE',1234.890,0.000,'1500EV6/AI',0,13,2471,1203.320,913.781,1.225,0.978,0.000,1538,1538,0'
2471,'01 389800_74353',0,'TERMINE',1234.890,0.000,'1500EV6/AI',0,13,2471,1201.437,926.203,1.400,1.466,0.000,1545,1545,0'
2471,'01 389800_74353',0,'TERMINE',1234.890,0.000,'1500EV6/AI',0,13,2471,1201.396,927.953,3.325,4.233,0.000,1546,1546,0'
2471,'01 389800_74353',0,'TERMINE',1234.890,0.000,'1500EV6/AI',9,15,2471,1201.462,877.360,0.878,0.977,0.000,1547,1547,0'
2471,'01 389800_74353',0,'TERMINE',1234.890,0.000,'1500EV6/AI',9,15,2471,1201.444,913.254,1.225,1.466,0.000,1548,1548,0'
2471,'01 389800_74353',0,'TERMINE',1234.890,0.000,'1500EV6/AI',0,15,2471,1201.566,1067.899,0.641,0.649,0.000,1549,1549,0'
2471,'01 389800_74353',0,'TERMINE',1234.890,0.000,'1500EV6/AI',0,13,2471,1201.983,1003.112,1.590,1.466,0.000,1550,1550,0'
2471,'01 389800_74353',0,'TERMINE',1234.890,0.000,'1500EV6/AI',9,15,2471,1202.214,1080.169,0.641,0.976,0.000,1551,1551,0'
2471,'01 389800_74353',0,'TERMINE',1234.890,0.000,'1500EV6/AI',9,15,2471,1202.161,997.105,1.767,1.792,0.000,1553,1553,0'
2471,'01 389800_74353',0,'TERMINE',1234.890,0.000,'1500EV6/AI',9,15,2471,1202.291,858.050,0.878,0.815,0.000,1554,1554,0'
2471,'01 389800_74353',0,'TERMINE',1234.890,0.000,'1500EV6/AI',9,15,2471,1202.342,1124.359,0.652,0.651,0.000,1555,1555,0'
2471,'01 389800_74353',0,'TERMINE',1234.890,0.000,'1500EV6/AI',9,15,2471,1202.198,1513.734,0.698,0.814,0.000,1557,1557,0'
2471,'01 389800_74353',0,'TERMINE',1234.890,0.000,'1500EV6/AI',9,15,2471,1202.148,1399.722,0.875,0.812,0.000,1558,1558,0'
2471,'01 389800_74353',0,'TERMINE',1234.890,0.000,'1500EV6/AI',0,13,2471,1203.614,1160.609,1.107,1.300,0.000,1560,1560,0'
2471,'01 389800_74353',0,'TERMINE',1234.890,0.000,'1500EV6/AI',0,24,2471,1203.462,304.626,2.389,4.544,0.000,1591,1591,0'
2471,'01 389800_74353',0,'TERMINE',1234.890,0.000,'1500EV6/AI',0,24,2471,1203.698,427.270,2.089,2.270,0.000,1593,1593,0'
2471,'01 389800_74353',0,'TERMINE',1234.890,0.000,'1500EV6/AI',0,24,2471,1203.669,190.532,2.541,14.623,0.000,1594,1594,0'
2471,'01 389800_74353',0,'TERMINE',1234.890,0.000,'1500EV6/AI',0,24,2471,1203.747,447.568,1.308,1.622,0.000,1595,1595,0'
2471,'01 389800_74353',0,'TERMINE',1234.890,0.000,'1500EV6/AI',0,13,2471,1204.053,506.546,0.996,2.923,0.000,1598,1598,0'
2471,'01 389800_74353',0,'TERMINE',1234.890,0.000,'1500EV6/AI',0,24,2471,1204.275,478.148,3.107,4.218,0.000,1600,1600,0'
2471,'01 389800_74353',0,'TERMINE',1234.890,0.000,'1500EV6/AI',0,24,2471,1204.400,470.953,1.308,1.134,0.000,1601,1601,0'
2471,'01 389800_74353',0,'TERMINE',1234.890,0.000,'1500EV6/AI',0,24,2471,1203.641,920.420,4.408,6.170,0.000,1637,1637,0'
2471,'01 389800_74353',0,'TERMINE',1234.890,0.000,'1500EV6/AI',0,24,2471,1204.053,913.336,1.732,1.460,0.000,1641,1641,0'
2471,'01 389800_74353',0,'TERMINE',1234.890,0.000,'1500EV6/AI',0,24,2471,1204.317,889.720,2.834,3.072,0.000,1644,1644,0'
2471,'01 389800_74353',0,'TERMINE',1234.890,0.000,'1500EV6/AI',0,24,2471,1204.444,918.059,4.881,38.840,0.000,1649,1649,0'
2471,'01 389800_74353',0,'TERMINE',1234.890,0.000,'1500EV6/AI',0,13,2471,1204.478,878.856,0.945,1.461,0.000,1650,1650,0'
2471,'01 389800_74353',0,'TERMINE',1234.890,0.000,'1500EV6/AI',0,24,2471,1204.705,891.924,3.149,3.259,0.000,1652,1652,0'
2471,'01 389800_74353',0,'TERMINE',1234.890,0.000,'1500EV6/AI',0,24,2471,1204.787,894.128,2.047,1.947,0.000,1654,1654,0'
2471,'01 389800_74353',0,'TERMINE',1234.890,0.000,'1500EV6/AI',0,24,2471,1204.051,1252.284,1.815,1.630,0.000,1664,1664,0'
2471,'01 389800_74353',0,'TERMINE',1234.890,0.000,'1500EV6/AI',0,24,2471,1204.571,1364.930,2.406,2.607,0.000,1666,1666,0'
2471,'01 389800_74353',0,'TERMINE',1234.890,0.000,'1500EV6/AI',0,13,2471,1204.430,416.424,2.136,1.955,0.000,1692,1692,0'
2471,'01 389800_74353',0,'TERMINE',1234.890,0.000,'1500EV6/AI',0,13,2471,1204.469,455.658,1.612,1.463,0.000,1694,1694,0'
2471,'01 389800_74353',0,'TERMINE',1234.890,0.000,'1500EV6/AI',0,13,2471,1204.660,437.427,1.602,1.625,0.000,1696,1696,0'
2471,'01 389800_74353',0,'TERMINE',1234.890,0.000,'1500EV6/AI',0,13,2471,1204.829,365.492,0.884,0.815,0.000,1697,1697,0'
2471,'01 389800_74353',0,'TERMINE',1234.890,0.000,'1500EV6/AI',0,13,2471,1205.134,479.306,0.717,0.815,0.000,1699,1699,0'
2471,'01 389800_74353',0,'TERMINE',1234.890,0.000,'1500EV6/AI',0,13,2471,1205.106,385.830,0.884,0.815,0.000,1700,1700,0'
2471,'01 389800_74353',0,'TERMINE',1234.890,0.000,'1500EV6/AI',0,13,2471,1205.393,341.617,1.945,1.792,0.000,1701,1701,0'
2471,'01 389800_74353',0,'TERMINE',1234.890,0.000,'1500EV6/AI',0,13,2471,1205.536,486.651,3.258,16.746,0.000,1702,1702,0'
2471,'01 389800_74353',0,'TERMINE',1234.890,0.000,'1500EV6/AI',0,13,2471,1205.624,495.609,0.717,0.977,0.000,1704,1704,0'
2471,'01 389800_74353',0,'TERMINE',1234.890,0.000,'1500EV6/AI',0,13,2471,1205.654,491.309,1.075,0.975,0.000,1706,1706,0'
2471,'01 389800_74353',0,'TERMINE',1234.890,0.000,'1500EV6/AI',0,13,2471,1205.636,153.450,0.884,1.138,0.000,1707,1707,0'
2471,'01 389800_74353',0,'TERMINE',1234.890,0.000,'1500EV6/AI',0,13,2471,1205.262,885.259,3.005,6.660,0.000,1711,1711,0'
2471,'01 389800_74353',0,'TERMINE',1234.890,0.000,'1500EV6/AI',0,13,2471,1205.427,868.059,4.304,9.611,0.000,1712,1712,0'
2471,'01 389800_74353',0,'TERMINE',1234.890,0.000,'1500EV6/AI',0,13,2471,1205.383,866.128,1.053,1.140,0.000,1713,1713,0'
2471,'01 389800_74353',0,'TERMINE',1234.890,0.000,'1500EV6/AI',0,13,2471,1205.356,878.943,0.878,0.977,0.000,1714,1714,0'
2471,'01 389800_74353',0,'TERMINE',1234.890,0.000,'1500EV6/AI',0,13,2471,1205.474,1205.251,3.137,4.526,0.000,1716,1716,0'
2471,'01 389800_74353',0,'TERMINE',1234.890,0.000,'1500EV6/AI',0,13,2471,1205.471,1029.614,1.112,1.140,0.000,1717,1717,0'
2471,'01 389800_74353',0,'TERMINE',1234.890,0.000,'1500EV6/AI',0,13,2471,1205.611,875.081,1.755,1.629,0.000,1718,1718,0'
2471,'01 389800_74353',0,'TERMINE',1234.890,0.000,'1500EV6/AI',0,13,2471,1205.566,894.009,0.700,0.814,0.000,1719,1719,0'
2471,'01 389800_74353',0,'TERMINE',1234.890,0.000,'1500EV6/AI',0,13,2471,1205.555,965.839,0.702,0.652,0.000,1720,1720,0'
2471,'01 389800_74353',0,'TERMINE',1234.890,0.000,'1500EV6/AI',0,13,2471,1205.731,864.548,0.945,0.815,0.000,1721,1721,0'
2471,'01 389800_74353',0,'TERMINE',1234.890,0.000,'1500EV6/AI',0,13,2471,1205.674,866.675,3.149,4.877,0.000,1722,1722,0'
2471,'01 389800_74353',0,'TERMINE',1234.890,0.000,'1500EV6/AI',0,13,2471,1205.675,885.959,0.630,0.651,0.000,1723,1723,0'
2471,'01 389800_74353',0,'TERMINE',1234.890,0.000,'1500EV6/AI',0,13,2471,1205.639,874.204,1.404,1.304,0.000,1724,1724,0'
2471,'01 389800_74353',0,'TERMINE',1234.890,0.000,'1500EV6/AI',0,13,2471,1204.857,973.739,0.789,0.977,0.000,1752,1752,0'
2471,'01 389800_74353',0,'TERMINE',1234.890,0.000,'1500EV6/AI',0,13,2471,1205.145,1012.653,2.120,2.118,0.000,1754,1754,0'
2471,'01 389800_74353',0,'TERMINE',1234.890,0.000,'1500EV6/AI',0,13,2471,1205.102,878.241,16.478,24.270,0.000,1756,1756,0'
2471,'01 389800_74353',0,'TERMINE',1234.890,0.000,'1500EV6/AI',0,13,2471,1205.325,876.308,1.229,1.466,0.000,1760,1760,0'
2471,'01 389800_74353',0,'TERMINE',1234.890,0.000,'1500EV6/AI',0,13,2471,1205.976,1184.960,2.583,4.225,0.000,1783,1783,0'
2471,'01 389800_74353',0,'TERMINE',1234.890,0.000,'1500EV6/AI',0,13,2471,1206.352,1168.173,1.476,1.137,0.000,1787,1787,0'
2471,'01 389800_74353',0,'TERMINE',1234.890,0.000,'1500EV6/AI',0,13,2471,1207.589,1209.310,3.394,3.638,0.000,1799,1799,0'
2471,'01 389800_74353',0,'TERMINE',1234.890,0.000,'1500EV6/AI',0,24,2471,1205.756,861.007,7.872,11.365,0.000,1840,1840,0'
2471,'01 389800_74353',0,'TERMINE',1234.890,0.000,'1500EV6/AI',0,24,2471,1205.832,867.148,4.093,4.382,0.000,1842,1842,0'
2471,'01 389800_74353',0,'TERMINE',1234.890,0.000,'1500EV6/AI',0,24,2471,1205.792,865.888,4.408,7.313,0.000,1843,1843,0'
2471,'01 389800_74353',0,'TERMINE',1234.890,0.000,'1500EV6/AI',0,24,2471,1205.949,870.611,2.047,5.199,0.000,1844,1844,0'
2471,'01 389800_74353',0,'TERMINE',1234.890,0.000,'1500EV6/AI',0,13,2471,1206.051,840.225,0.945,1.786,0.000,1845,1845,0'
2471,'01 389800_74353',0,'TERMINE',1234.890,0.000,'1500EV6/AI',9,27,2471,1206.126,845.125,0.945,1.786,0.000,1848,1848,0'
2471,'01 389800_74353',0,'TERMINE',1234.890,0.000,'1500EV6/AI',0,24,2471,1206.297,936.440,1.574,1.298,0.000,1850,1850,0'
2471,'01 389800_74353',0,'TERMINE',1234.890,0.000,'1500EV6/AI',0,24,2471,1206.679,835.364,7.715,26.004,0.000,1853,1853,0'
2471,'01 389800_74353',0,'TERMINE',1234.890,0.000,'1500EV6/AI',0,24,2471,1206.668,853.627,1.732,2.598,0.000,1854,1854,0'
2471,'01 389800_74353',0,'TERMINE',1234.890,0.000,'1500EV6/AI',0,24,2471,1207.113,1039.643,2.541,2.597,0.000,1857,1857,0'
2471,'01 389800_74353',0,'TERMINE',1234.890,0.000,'1500EV6/AI',0,24,2471,1207.083,822.875,1.112,2.436,0.000,1858,1858,0'
2471,'01 389800_74353',0,'TERMINE',1234.890,0.000,'1500EV6/AI',0,24,2471,1207.187,855.202,1.417,1.786,0.000,1860,1860,0'
2471,'01 389800_74353',0,'TERMINE',1234.890,0.000,'1500EV6/AI',0,24,2471,1207.298,891.885,1.102,1.461,0.000,1861,1861,0'
2471,'01 389800_74353',0,'TERMINE',1234.890,0.000,'1500EV6/AI',0,24,2471,1207.502,886.532,2.047,1.460,0.000,1862,1862,0'
2471,'01 389800_74353',0,'TERMINE',1234.890,0.000,'1500EV6/AI',0,24,2471,1207.729,884.485,1.574,1.623,0.000,1865,1865,0'
2471,'01 389800_74353',0,'TERMINE',1234.890,0.000,'1500EV6/AI',0,24,2471,1207.675,885.115,13.382,13.471,0.000,1866,1866,0'
2471,'01 389800_74353',0,'TERMINE',1234.890,0.000,'1500EV6/AI',0,13,2471,1207.642,884.170,0.945,2.111,0.000,1867,1867,0'
2471,'01 389800_74353',0,'TERMINE',1234.890,0.000,'1500EV6/AI',9,13,2471,1218.390,226.515,31.591,292.978,0.000,1898,1898,0'
2471,'01 389800_74353',0,'TERMINE',1234.890,0.000,'1500EV6/AI',9,26,2471,1218.553,526.778,680.506,292.661,0.000,1901,1901,0'
2471,'01 389800_74353',0,'TERMINE',1234.890,0.000,'1500EV6/AI',9,29,2471,1218.852,482.314,113.157,597.767,0.000,1908,1908,0'
2471,'01 389800_74353',0,'TERMINE',1234.890,0.000,'1500EV6/AI',9,13,2471,1218.012,222.315,30.386,395.113,0.000,1929,1929,0'
2471,'01 389800_74353',0,'TERMINE',1234.890,0.000,'1500EV6/AI',0,13,2471,1217.029,173.146,1.588,0.971,0.000,2038,2038,0'
2471,'01 389800_74353',0,'TERMINE',1234.890,0.000,'1500EV6/AI',0,24,2471,1217.851,391.193,1.285,1.459,0.000,2040,2040,0'
2471,'01 389800_74353',0,'TERMINE',1234.890,0.000,'1500EV6/AI',0,24,2471,1217.805,411.276,1.285,1.784,0.000,2041,2041,0'
2471,'01 389800_74353',0,'TERMINE',1234.890,0.000,'1500EV6/AI',0,24,2471,1219.962,434.817,1.799,2.758,0.000,2063,2063,0'
2471,'01 389800_74353',0,'TERMINE',1234.890,0.000,'1500EV6/AI',0,24,2471,1220.330,360.262,1.906,2.433,0.000,2064,2064,0'
2471,'01 389800_74353',0,'TERMINE',1234.890,0.000,'1500EV6/AI',9,24,2471,1217.870,718.104,9.636,4.714,0.000,2079,2079,0'
2471,'01 389800_74353',0,'TERMINE',1234.890,0.000,'1500EV6/AI',9,24,2471,1217.921,701.262,3.243,5.202,0.000,2084,2084,0'
2471,'01 389800_74353',0,'TERMINE',1234.890,0.000,'1500EV6/AI',9,27,2471,1217.914,722.463,0.959,4.712,0.000,2085,2085,0'
2471,'01 389800_74353',0,'TERMINE',1234.890,0.000,'1500EV6/AI',9,24,2471,1217.978,1128.307,74.518,282.301,0.000,2088,2088,0'
2471,'01 389800_74353',0,'TERMINE',1234.890,0.000,'1500EV6/AI',0,13,2471,1222.139,499.871,30.268,20.678,0.000,2167,2167,0'
2471,'01 389800_74353',0,'TERMINE',1234.890,0.000,'1500EV6/AI',0,13,2471,1222.143,477.624,0.896,1.138,0.000,2169,2169,0'
2471,'01 389800_74353',0,'TERMINE',1234.890,0.000,'1500EV6/AI',0,13,2471,1221.135,520.435,10.436,6.940,0.000,2212,2212,0'
2471,'01 389800_74353',0,'TERMINE',1234.890,0.000,'1500EV6/AI',0,13,2471,1221.128,424.300,1.068,0.815,0.000,2213,2213,0'
2471,'01 389800_74353',0,'TERMINE',1234.890,0.000,'1500EV6/AI',0,13,2471,1221.225,1696.546,7.580,11.592,0.000,2310,2310,0'
2471,'01 389800_74353',0,'TERMINE',1234.890,0.000,'1500EV6/AI',0,13,2471,1221.579,1218.878,4.807,4.376,0.000,2313,2313,0'
2471,'01 389800_74353',0,'TERMINE',1234.890,0.000,'1500EV6/AI',0,24,2471,1222.193,499.836,2.126,1.945,0.000,2322,2322,0'
2471,'01 389800_74353',0,'TERMINE',1234.890,0.000,'1500EV6/AI',0,24,2471,1225.876,228.107,0.953,1.948,0.000,2324,2324,0'
2471,'01 389800_74353',0,'TERMINE',1234.890,0.000,'1500EV6/AI',0,24,2471,1222.286,1206.096,1.494,0.973,0.000,2325,2325,0'
2471,'01 389800_74353',0,'TERMINE',1234.890,0.000,'1500EV6/AI',0,24,2471,1222.268,1221.683,37.798,18.358,0.000,2326,2326,0'
2471,'01 389800_74353',0,'TERMINE',1234.890,0.000,'1500EV6/AI',0,24,2471,1221.343,770.095,2.239,2.760,0.000,2331,2331,0'
2471,'01 389800_74353',0,'TERMINE',1234.890,0.000,'1500EV6/AI',0,24,2471,1221.839,1205.883,1.826,1.948,0.000,2333,2333,0'
2471,'01 389800_74353',0,'TERMINE',1234.890,0.000,'1500EV6/AI',0,13,2471,1222.015,1218.383,7.586,8.322,0.000,2334,2334,0'
2471,'01 389800_74353',0,'TERMINE',1234.890,0.000,'1500EV6/AI',0,24,2471,1222.219,1226.468,2.157,3.059,0.000,2336,2336,0'
2471,'01 389800_74353',0,'TERMINE',1234.890,0.000,'1500EV6/AI',0,24,2471,1222.287,1060.406,1.588,2.111,0.000,2337,2337,0'
2471,'01 389800_74353',0,'TERMINE',1234.890,0.000,'1500EV6/AI',0,24,2471,1222.287,1087.395,20.665,2.103,0.000,2338,2338,0'
2471,'01 389800_74353',0,'TERMINE',1234.890,0.000,'1500EV6/AI',0,24,2471,1222.282,1150.964,15.652,6.514,0.000,2339,2339,0'
2471,'01 389800_74353',0,'TERMINE',1234.890,0.000,'1500EV6/AI',0,24,2471,1221.570,1281.580,1.155,4.066,0.000,2343,2343,0'
2471,'01 389800_74353',0,'TERMINE',1234.890,0.000,'1500EV6/AI',0,24,2471,1222.253,1695.759,3.168,6.505,0.000,2347,2347,0'
2471,'01 389800_74353',0,'TERMINE',1234.890,0.000,'1500EV6/AI',0,24,2471,1222.253,1255.344,1.320,3.091,0.000,2348,2348,0'
2471,'01 389800_74353',0,'TERMINE',1234.890,0.000,'1500EV6/AI',0,24,2471,1222.222,1259.469,2.640,10.236,0.000,2349,2349,0'
2471,'01 389800_74353',0,'TERMINE',1234.890,0.000,'1500EV6/AI',0,24,2471,1222.280,1283.076,18.629,3.211,0.000,2353,2353,0'
2471,'01 389800_74353',0,'TERMINE',1234.890,0.000,'1500EV6/AI',0,24,2471,1222.280,1352.142,28.396,1.915,0.000,2355,2355,0'
2471,'01 389800_74353',0,'TERMINE',1234.890,0.000,'1500EV6/AI',0,24,2471,1222.274,1477.031,27.944,3.057,0.000,2356,2356,0'
2471,'01 389800_74353',0,'TERMINE',1234.890,0.000,'1500EV6/AI',0,24,2471,1222.783,1523.110,1.717,2.605,0.000,2360,2360,0'
2471,'01 389800_74353',0,'TERMINE',1234.890,0.000,'1500EV6/AI',0,24,2471,1226.173,1723.936,1.732,1.793,0.000,2364,2364,0'
2471,'01 389800_74353',0,'TERMINE',1234.890,0.000,'1500EV6/AI',0,24,2471,1231.458,357.100,1.588,1.459,0.000,2518,2518,0'
2471,'01 389800_74353',0,'TERMINE',1234.890,0.000,'1500EV6/AI',0,24,2471,1231.574,277.539,1.588,1.459,0.000,2519,2519,0'
2471,'01 389800_74353',0,'TERMINE',1234.890,0.000,'1500EV6/AI',9,27,2471,1230.706,493.371,0.818,1.786,0.000,2522,2522,0'
2471,'01 389800_74353',0,'TERMINE',1234.890,0.000,'1500EV6/AI',0,24,2471,1229.922,636.470,1.981,2.110,0.000,2527,2527,0'
2471,'01 389800_74353',0,'TERMINE',1234.890,0.000,'1500EV6/AI',0,24,2471,1230.478,1663.492,1.732,3.743,0.000,2534,2534,0'
2471,'01 389800_74353',0,'TERMINE',1234.890,0.000,'1500EV6/AI',9,28,2471,1230.741,1751.658,3.149,0.172,0.000,2535,2535,0'
2471,'01 389800_74353',0,'TERMINE',1234.890,0.000,'1500EV6/AI',0,13,2471,1232.273,1738.015,1.102,2.278,0.000,2538,2538,0'
2471,'01 389800_74353',0,'TERMINE',1234.890,0.000,'1500EV6/AI',0,13,2471,1234.407,-75.195,0.996,1.623,0.000,2689,2689,0'
2471,'01 389800_74353',0,'TERMINE',1234.890,0.000,'1500EV6/AI',0,24,2471,1234.448,-597.612,35.883,97.477,0.000,2690,2690,0'
2471,'01 389800_74353',0,'TERMINE',1234.890,0.000,'1500EV6/AI',0,24,2471,1232.765,-177.453,1.446,1.946,0.000,2692,2692,0'
2471,'01 389800_74353',0,'TERMINE',1234.890,0.000,'1500EV6/AI',0,24,2471,1232.931,-168.938,1.937,1.458,0.000,2695,2695,0'
2471,'01 389800_74353',0,'TERMINE',1234.890,0.000,'1500EV6/AI',0,24,2471,1233.362,-117.942,1.799,1.458,0.000,2699,2699,0'
2471,'01 389800_74353',0,'TERMINE',1234.890,0.000,'1500EV6/AI',0,24,2471,1233.429,-297.133,92.368,43.068,0.000,2700,2700,0'
2471,'01 389800_74353',0,'TERMINE',1234.890,0.000,'1500EV6/AI',0,24,2471,1233.487,-580.952,554.229,712.648,0.000,2703,2703,0'
2471,'01 389800_74353',0,'TERMINE',1234.890,0.000,'1500EV6/AI',0,24,2471,1234.235,-587.519,3.204,18.192,0.000,2732,2732,0'
2471,'01 389800_74353',0,'TERMINE',1234.890,0.000,'1500EV6/AI',0,24,2471,1234.247,-460.005,2.403,5.844,0.000,2733,2733,0'
